>> building with raetro/quartus:pocket (flow: compile)
WARNING: The requested image's platform (linux/amd64) does not match the detected host platform (linux/arm64/v8) and no specific platform was requested
mesg: ttyname failed: Inappropriate ioctl for device
using quartus at /opt/intelFPGA/quartus/bin
Quartus Prime Shell
Version 18.1.1 Build 646 04/11/2019 SJ Lite Edition
Copyright (C) 2019  Intel Corporation. All rights reserved.
Info: *******************************************************************
Info: Running Quartus Prime Shell
    Info: Version 18.1.1 Build 646 04/11/2019 SJ Lite Edition
    Info: Copyright (C) 2019  Intel Corporation. All rights reserved.
    Info: Your use of Intel Corporation's design tools, logic functions 
    Info: and other software and tools, and any partner logic 
    Info: functions, and any output files from any of the foregoing 
    Info: (including device programming or simulation files), and any 
    Info: associated documentation or information are expressly subject 
    Info: to the terms and conditions of the Intel Program License 
    Info: Subscription Agreement, the Intel Quartus Prime License Agreement,
    Info: the Intel FPGA IP License Agreement, or other applicable license
    Info: agreement, including, without limitation, that your use is for
    Info: the sole purpose of programming logic devices manufactured by
    Info: Intel and sold by Intel or its authorized distributors.  Please
    Info: refer to the applicable agreement for further details, at
    Info: https://fpgasoftware.intel.com/eula.
    Info: Processing started: Sun Sep 27 12:56:29 2026
Info: Command: quartus_sh --flow compile ap_core
Info: Quartus(args): compile ap_core
Info: Project Name = /work/fpga/ap_core
Info: Revision Name = ap_core
Info (293032): Detected changes in source files.
    Info (293027): Source file: /work/fpga/core/core_top.sv has changed.
Info (293032): Detected changes in source files.
    Info (293027): Source file: /work/fpga/core/core_top.sv has changed.
Info (293032): Detected changes in source files.
    Info (293027): Source file: /work/fpga/core/core_top.sv has changed.
Info: *******************************************************************
Info: Running Quartus Prime Shell
    Info: Version 18.1.1 Build 646 04/11/2019 SJ Lite Edition
    Info: Processing started: Sun Sep 27 12:56:31 2026
Info: Command: quartus_sh -t apf/build_id_gen.tcl compile ap_core ap_core
Info: Quartus(args): compile ap_core ap_core
Info: APF core build date/time generated: /work/fpga/apf/build_id.mif
Info (23030): Evaluation of Tcl script apf/build_id_gen.tcl was successful
Info: Quartus Prime Shell was successful. 0 errors, 0 warnings
    Info: Peak virtual memory: 1071 megabytes
    Info: Processing ended: Sun Sep 27 12:56:31 2026
    Info: Elapsed time: 00:00:00
    Info: Total CPU time (on all processors): 00:00:00
Info: *******************************************************************
Info: Running Quartus Prime Analysis & Synthesis
    Info: Version 18.1.1 Build 646 04/11/2019 SJ Lite Edition
    Info: Processing started: Sun Sep 27 12:56:32 2026
Info: Command: quartus_map --read_settings_files=on --write_settings_files=off ap_core -c ap_core
Critical Warning (138067): Current license file does not support incremental compilation. The Quartus Prime software removes all the user-specified design partitions in the design automatically.
Info (16303): Aggressive Area optimization mode selected -- logic area will be prioritized at the potential cost of reduced timing performance
Warning (18236): Number of processors has not been specified which may cause overloading on shared machines.  Set the global assignment NUM_PARALLEL_PROCESSORS in your QSF to an appropriate value for best performance.
Info (20030): Parallel compilation is enabled and will use 16 of the 20 processors detected
Info (12021): Found 1 design units, including 1 entities, in source file apf/apf_top.v
    Info (12023): Found entity 1: apf_top File: /work/fpga/apf/apf_top.v Line: 44
Info (12021): Found 4 design units, including 4 entities, in source file apf/common.v
    Info (12023): Found entity 1: synch_2 File: /work/fpga/apf/common.v Line: 39
    Info (12023): Found entity 2: synch_3 File: /work/fpga/apf/common.v Line: 62
    Info (12023): Found entity 3: bram_block_dp File: /work/fpga/apf/common.v Line: 82
    Info (12023): Found entity 4: bram_block_dp_nonstd File: /work/fpga/apf/common.v Line: 120
Info (12021): Found 1 design units, including 1 entities, in source file apf/io_bridge_peripheral.v
    Info (12023): Found entity 1: io_bridge_peripheral File: /work/fpga/apf/io_bridge_peripheral.v Line: 52
Info (12021): Found 1 design units, including 1 entities, in source file apf/io_pad_controller.v
    Info (12023): Found entity 1: io_pad_controller File: /work/fpga/apf/io_pad_controller.v Line: 41
Info (12021): Found 1 design units, including 1 entities, in source file apf/mf_ddio_bidir_12.v
    Info (12023): Found entity 1: mf_ddio_bidir_12 File: /work/fpga/apf/mf_ddio_bidir_12.v Line: 40
Info (12021): Found 1 design units, including 1 entities, in source file apf/mf_datatable.v
    Info (12023): Found entity 1: mf_datatable File: /work/fpga/apf/mf_datatable.v Line: 40
Info (12021): Found 1 design units, including 1 entities, in source file core/core_top.sv
    Info (12023): Found entity 1: core_top File: /work/fpga/core/core_top.sv Line: 29
Info (12021): Found 1 design units, including 1 entities, in source file core/core_bridge_cmd.v
    Info (12023): Found entity 1: core_bridge_cmd File: /work/fpga/core/core_bridge_cmd.v Line: 18
Info (12021): Found 1 design units, including 1 entities, in source file core/data_loader.sv
    Info (12023): Found entity 1: data_loader File: /work/fpga/core/data_loader.sv Line: 29
Info (12021): Found 1 design units, including 1 entities, in source file core/sync_fifo.sv
    Info (12023): Found entity 1: sync_fifo File: /work/fpga/core/sync_fifo.sv Line: 27
Info (12021): Found 1 design units, including 1 entities, in source file core/hid_to_ps2.sv
    Info (12023): Found entity 1: hid_to_ps2 File: /work/fpga/core/hid_to_ps2.sv Line: 13
Info (12021): Found 1 design units, including 1 entities, in source file core/pocket_keyboard.sv
    Info (12023): Found entity 1: pocket_keyboard File: /work/fpga/core/pocket_keyboard.sv Line: 16
Info (12021): Found 1 design units, including 1 entities, in source file core/pc98_kbd_ps2.sv
    Info (12023): Found entity 1: pc98_kbd_ps2 File: /work/fpga/core/pc98_kbd_ps2.sv Line: 38
Info (12021): Found 1 design units, including 1 entities, in source file core/pc98_key_inject.sv
    Info (12023): Found entity 1: pc98_key_inject File: /work/fpga/core/pc98_key_inject.sv Line: 22
Info (12021): Found 1 design units, including 1 entities, in source file core/pc98_gdc.sv
    Info (12023): Found entity 1: pc98_gdc File: /work/fpga/core/pc98_gdc.sv Line: 59
Info (12021): Found 1 design units, including 1 entities, in source file core/pc98_grcg.sv
    Info (12023): Found entity 1: pc98_grcg File: /work/fpga/core/pc98_grcg.sv Line: 71
Info (12021): Found 1 design units, including 1 entities, in source file core/pc98_gdc_mode2.sv
    Info (12023): Found entity 1: pc98_gdc_mode2 File: /work/fpga/core/pc98_gdc_mode2.sv Line: 60
Info (12021): Found 1 design units, including 1 entities, in source file core/pc98_gvram_seq.sv
    Info (12023): Found entity 1: pc98_gvram_seq File: /work/fpga/core/pc98_gvram_seq.sv Line: 61
Info (12021): Found 1 design units, including 1 entities, in source file core/pc98_egc.sv
    Info (12023): Found entity 1: pc98_egc File: /work/fpga/core/pc98_egc.sv Line: 76
Info (12021): Found 1 design units, including 1 entities, in source file core/pc98_scsi.sv
    Info (12023): Found entity 1: pc98_scsi File: /work/fpga/core/pc98_scsi.sv Line: 30
Info (12021): Found 1 design units, including 1 entities, in source file core/pc98_scsi_rom.sv
    Info (12023): Found entity 1: pc98_scsi_rom File: /work/fpga/core/pc98_scsi_rom.sv Line: 40
Info (12021): Found 1 design units, including 1 entities, in source file core/pc98_fdc_glue.sv
    Info (12023): Found entity 1: pc98_fdc_glue File: /work/fpga/core/pc98_fdc_glue.sv Line: 144
Info (12021): Found 1 design units, including 1 entities, in source file core/pc98_upd4990.sv
    Info (12023): Found entity 1: pc98_upd4990 File: /work/fpga/core/pc98_upd4990.sv Line: 23
Info (12021): Found 1 design units, including 1 entities, in source file core/pc98_opna.sv
    Info (12023): Found entity 1: pc98_opna File: /work/fpga/core/pc98_opna.sv Line: 83
Info (12021): Found 1 design units, including 1 entities, in source file core/sound/jt12/hdl/jt10_acc.v
    Info (12023): Found entity 1: jt10_acc File: /work/fpga/core/sound/jt12/hdl/jt10_acc.v Line: 38
Info (12021): Found 1 design units, including 1 entities, in source file core/sound/jt12/hdl/jt12_acc.v
    Info (12023): Found entity 1: jt12_acc File: /work/fpga/core/sound/jt12/hdl/jt12_acc.v Line: 36
Info (12021): Found 1 design units, including 1 entities, in source file core/sound/jt12/hdl/jt12_csr.v
    Info (12023): Found entity 1: jt12_csr File: /work/fpga/core/sound/jt12/hdl/jt12_csr.v Line: 23
Info (12021): Found 1 design units, including 1 entities, in source file core/sound/jt12/hdl/jt12_div.v
    Info (12023): Found entity 1: jt12_div File: /work/fpga/core/sound/jt12/hdl/jt12_div.v Line: 22
Info (12021): Found 1 design units, including 1 entities, in source file core/sound/jt12/hdl/jt12_dout.v
    Info (12023): Found entity 1: jt12_dout File: /work/fpga/core/sound/jt12/hdl/jt12_dout.v Line: 22
Info (12021): Found 1 design units, including 1 entities, in source file core/sound/jt12/hdl/jt12_eg.v
    Info (12023): Found entity 1: jt12_eg File: /work/fpga/core/sound/jt12/hdl/jt12_eg.v Line: 22
Info (12021): Found 1 design units, including 1 entities, in source file core/sound/jt12/hdl/jt12_eg_cnt.v
    Info (12023): Found entity 1: jt12_eg_cnt File: /work/fpga/core/sound/jt12/hdl/jt12_eg_cnt.v Line: 22
Info (12021): Found 1 design units, including 1 entities, in source file core/sound/jt12/hdl/jt12_eg_comb.v
    Info (12023): Found entity 1: jt12_eg_comb File: /work/fpga/core/sound/jt12/hdl/jt12_eg_comb.v Line: 22
Info (12021): Found 1 design units, including 1 entities, in source file core/sound/jt12/hdl/jt12_eg_ctrl.v
    Info (12023): Found entity 1: jt12_eg_ctrl File: /work/fpga/core/sound/jt12/hdl/jt12_eg_ctrl.v Line: 22
Info (12021): Found 1 design units, including 1 entities, in source file core/sound/jt12/hdl/jt12_eg_final.v
    Info (12023): Found entity 1: jt12_eg_final File: /work/fpga/core/sound/jt12/hdl/jt12_eg_final.v Line: 22
Info (12021): Found 1 design units, including 1 entities, in source file core/sound/jt12/hdl/jt12_eg_pure.v
    Info (12023): Found entity 1: jt12_eg_pure File: /work/fpga/core/sound/jt12/hdl/jt12_eg_pure.v Line: 22
Info (12021): Found 1 design units, including 1 entities, in source file core/sound/jt12/hdl/jt12_eg_step.v
    Info (12023): Found entity 1: jt12_eg_step File: /work/fpga/core/sound/jt12/hdl/jt12_eg_step.v Line: 22
Info (12021): Found 1 design units, including 1 entities, in source file core/sound/jt12/hdl/jt12_exprom.v
    Info (12023): Found entity 1: jt12_exprom File: /work/fpga/core/sound/jt12/hdl/jt12_exprom.v Line: 29
Info (12021): Found 1 design units, including 1 entities, in source file core/sound/jt12/hdl/jt12_kon.v
    Info (12023): Found entity 1: jt12_kon File: /work/fpga/core/sound/jt12/hdl/jt12_kon.v Line: 25
Info (12021): Found 1 design units, including 1 entities, in source file core/sound/jt12/hdl/jt12_lfo.v
    Info (12023): Found entity 1: jt12_lfo File: /work/fpga/core/sound/jt12/hdl/jt12_lfo.v Line: 64
Info (12021): Found 1 design units, including 1 entities, in source file core/sound/jt12/hdl/jt12_logsin.v
    Info (12023): Found entity 1: jt12_logsin File: /work/fpga/core/sound/jt12/hdl/jt12_logsin.v Line: 27
Info (12021): Found 1 design units, including 1 entities, in source file core/sound/jt12/hdl/jt12_mmr.v
    Info (12023): Found entity 1: jt12_mmr File: /work/fpga/core/sound/jt12/hdl/jt12_mmr.v Line: 22
Info (12021): Found 1 design units, including 1 entities, in source file core/sound/jt12/hdl/jt12_mod.v
    Info (12023): Found entity 1: jt12_mod File: /work/fpga/core/sound/jt12/hdl/jt12_mod.v Line: 25
Info (12021): Found 1 design units, including 1 entities, in source file core/sound/jt12/hdl/jt12_op.v
    Info (12023): Found entity 1: jt12_op File: /work/fpga/core/sound/jt12/hdl/jt12_op.v Line: 28
Info (12021): Found 1 design units, including 1 entities, in source file core/sound/jt12/hdl/jt12_pg.v
    Info (12023): Found entity 1: jt12_pg File: /work/fpga/core/sound/jt12/hdl/jt12_pg.v Line: 34
Info (12021): Found 1 design units, including 1 entities, in source file core/sound/jt12/hdl/jt12_pg_comb.v
    Info (12023): Found entity 1: jt12_pg_comb File: /work/fpga/core/sound/jt12/hdl/jt12_pg_comb.v Line: 26
Info (12021): Found 1 design units, including 1 entities, in source file core/sound/jt12/hdl/jt12_pg_dt.v
    Info (12023): Found entity 1: jt12_pg_dt File: /work/fpga/core/sound/jt12/hdl/jt12_pg_dt.v Line: 29
Info (12021): Found 1 design units, including 1 entities, in source file core/sound/jt12/hdl/jt12_pg_inc.v
    Info (12023): Found entity 1: jt12_pg_inc File: /work/fpga/core/sound/jt12/hdl/jt12_pg_inc.v Line: 27
Info (12021): Found 1 design units, including 1 entities, in source file core/sound/jt12/hdl/jt12_pg_sum.v
    Info (12023): Found entity 1: jt12_pg_sum File: /work/fpga/core/sound/jt12/hdl/jt12_pg_sum.v Line: 27
Info (12021): Found 1 design units, including 1 entities, in source file core/sound/jt12/hdl/jt12_pm.v
    Info (12023): Found entity 1: jt12_pm File: /work/fpga/core/sound/jt12/hdl/jt12_pm.v Line: 24
Info (12021): Found 1 design units, including 1 entities, in source file core/sound/jt12/hdl/jt12_reg.v
    Info (12023): Found entity 1: jt12_reg File: /work/fpga/core/sound/jt12/hdl/jt12_reg.v Line: 23
Info (12021): Found 1 design units, including 1 entities, in source file core/sound/jt12/hdl/jt12_reg_ch.v
    Info (12023): Found entity 1: jt12_reg_ch File: /work/fpga/core/sound/jt12/hdl/jt12_reg_ch.v Line: 27
Info (12021): Found 1 design units, including 1 entities, in source file core/sound/jt12/hdl/jt12_rst.v
    Info (12023): Found entity 1: jt12_rst File: /work/fpga/core/sound/jt12/hdl/jt12_rst.v Line: 22
Info (12021): Found 1 design units, including 1 entities, in source file core/sound/jt12/hdl/jt12_sh.v
    Info (12023): Found entity 1: jt12_sh File: /work/fpga/core/sound/jt12/hdl/jt12_sh.v Line: 23
Info (12021): Found 1 design units, including 1 entities, in source file core/sound/jt12/hdl/jt12_sh24.v
    Info (12023): Found entity 1: jt12_sh24 File: /work/fpga/core/sound/jt12/hdl/jt12_sh24.v Line: 22
Info (12021): Found 1 design units, including 1 entities, in source file core/sound/jt12/hdl/jt12_sh_rst.v
    Info (12023): Found entity 1: jt12_sh_rst File: /work/fpga/core/sound/jt12/hdl/jt12_sh_rst.v Line: 23
Info (12021): Found 1 design units, including 1 entities, in source file core/sound/jt12/hdl/jt12_single_acc.v
    Info (12023): Found entity 1: jt12_single_acc File: /work/fpga/core/sound/jt12/hdl/jt12_single_acc.v Line: 27
Info (12021): Found 1 design units, including 1 entities, in source file core/sound/jt12/hdl/jt12_sumch.v
    Info (12023): Found entity 1: jt12_sumch File: /work/fpga/core/sound/jt12/hdl/jt12_sumch.v Line: 25
Info (12021): Found 2 design units, including 2 entities, in source file core/sound/jt12/hdl/jt12_timers.v
    Info (12023): Found entity 1: jt12_timers File: /work/fpga/core/sound/jt12/hdl/jt12_timers.v Line: 26
    Info (12023): Found entity 2: jt12_timer File: /work/fpga/core/sound/jt12/hdl/jt12_timers.v Line: 88
Info (12021): Found 1 design units, including 1 entities, in source file core/sound/jt12/hdl/jt12_top.v
    Info (12023): Found entity 1: jt12_top File: /work/fpga/core/sound/jt12/hdl/jt12_top.v Line: 27
Info (12021): Found 1 design units, including 1 entities, in source file core/sound/jt12/hdl/adpcm/jt10_adpcm.v
    Info (12023): Found entity 1: jt10_adpcm File: /work/fpga/core/sound/jt12/hdl/adpcm/jt10_adpcm.v Line: 24
Info (12021): Found 1 design units, including 1 entities, in source file core/sound/jt12/hdl/adpcm/jt10_adpcm_acc.v
    Info (12023): Found entity 1: jt10_adpcm_acc File: /work/fpga/core/sound/jt12/hdl/adpcm/jt10_adpcm_acc.v Line: 25
Info (12021): Found 1 design units, including 1 entities, in source file core/sound/jt12/hdl/adpcm/jt10_adpcm_cnt.v
    Info (12023): Found entity 1: jt10_adpcm_cnt File: /work/fpga/core/sound/jt12/hdl/adpcm/jt10_adpcm_cnt.v Line: 22
Info (12021): Found 1 design units, including 1 entities, in source file core/sound/jt12/hdl/adpcm/jt10_adpcm_comb.v
    Info (12023): Found entity 1: jt10_adpcm_comb File: /work/fpga/core/sound/jt12/hdl/adpcm/jt10_adpcm_comb.v Line: 24
Info (12021): Found 1 design units, including 1 entities, in source file core/sound/jt12/hdl/adpcm/jt10_adpcm_dbrom.v
    Info (12023): Found entity 1: jt10_adpcm_dbrom File: /work/fpga/core/sound/jt12/hdl/adpcm/jt10_adpcm_dbrom.v Line: 24
Info (12021): Found 1 design units, including 1 entities, in source file core/sound/jt12/hdl/adpcm/jt10_adpcm_div.v
    Info (12023): Found entity 1: jt10_adpcm_div File: /work/fpga/core/sound/jt12/hdl/adpcm/jt10_adpcm_div.v Line: 25
Info (12021): Found 1 design units, including 1 entities, in source file core/sound/jt12/hdl/adpcm/jt10_adpcm_drvA.v
    Info (12023): Found entity 1: jt10_adpcm_drvA File: /work/fpga/core/sound/jt12/hdl/adpcm/jt10_adpcm_drvA.v Line: 22
Info (12021): Found 1 design units, including 1 entities, in source file core/sound/jt12/hdl/adpcm/jt10_adpcm_drvB.v
    Info (12023): Found entity 1: jt10_adpcm_drvB File: /work/fpga/core/sound/jt12/hdl/adpcm/jt10_adpcm_drvB.v Line: 22
Info (12021): Found 1 design units, including 1 entities, in source file core/sound/jt12/hdl/adpcm/jt10_adpcm_dt.v
    Info (12023): Found entity 1: jt10_adpcm_dt File: /work/fpga/core/sound/jt12/hdl/adpcm/jt10_adpcm_dt.v Line: 24
Info (12021): Found 1 design units, including 1 entities, in source file core/sound/jt12/hdl/adpcm/jt10_adpcm_gain.v
    Info (12023): Found entity 1: jt10_adpcm_gain File: /work/fpga/core/sound/jt12/hdl/adpcm/jt10_adpcm_gain.v Line: 22
Info (12021): Found 1 design units, including 1 entities, in source file core/sound/jt12/hdl/adpcm/jt10_adpcma_lut.v
    Info (12023): Found entity 1: jt10_adpcma_lut File: /work/fpga/core/sound/jt12/hdl/adpcm/jt10_adpcma_lut.v Line: 27
Info (12021): Found 1 design units, including 1 entities, in source file core/sound/jt12/hdl/adpcm/jt10_adpcmb.v
    Info (12023): Found entity 1: jt10_adpcmb File: /work/fpga/core/sound/jt12/hdl/adpcm/jt10_adpcmb.v Line: 24
Info (12021): Found 1 design units, including 1 entities, in source file core/sound/jt12/hdl/adpcm/jt10_adpcmb_cnt.v
    Info (12023): Found entity 1: jt10_adpcmb_cnt File: /work/fpga/core/sound/jt12/hdl/adpcm/jt10_adpcmb_cnt.v Line: 24
Info (12021): Found 1 design units, including 1 entities, in source file core/sound/jt12/hdl/adpcm/jt10_adpcmb_gain.v
    Info (12023): Found entity 1: jt10_adpcmb_gain File: /work/fpga/core/sound/jt12/hdl/adpcm/jt10_adpcmb_gain.v Line: 24
Info (12021): Found 1 design units, including 1 entities, in source file core/sound/jt12/hdl/adpcm/jt10_adpcmb_interpol.v
    Info (12023): Found entity 1: jt10_adpcmb_interpol File: /work/fpga/core/sound/jt12/hdl/adpcm/jt10_adpcmb_interpol.v Line: 22
Info (12021): Found 1 design units, including 1 entities, in source file core/sound/jt12/hdl/adpcm/jt10_cen_burst.v
    Info (12023): Found entity 1: jt10_cen_burst File: /work/fpga/core/sound/jt12/hdl/adpcm/jt10_cen_burst.v Line: 24
Info (12021): Found 1 design units, including 1 entities, in source file core/sound/jt12/jt49/hdl/jt49.v
    Info (12023): Found entity 1: jt49 File: /work/fpga/core/sound/jt12/jt49/hdl/jt49.v Line: 24
Info (12021): Found 1 design units, including 1 entities, in source file core/sound/jt12/jt49/hdl/jt49_bus.v
    Info (12023): Found entity 1: jt49_bus File: /work/fpga/core/sound/jt12/jt49/hdl/jt49_bus.v Line: 26
Info (12021): Found 1 design units, including 1 entities, in source file core/sound/jt12/jt49/hdl/jt49_cen.v
    Info (12023): Found entity 1: jt49_cen File: /work/fpga/core/sound/jt12/jt49/hdl/jt49_cen.v Line: 24
Info (12021): Found 1 design units, including 1 entities, in source file core/sound/jt12/jt49/hdl/jt49_div.v
    Info (12023): Found entity 1: jt49_div File: /work/fpga/core/sound/jt12/jt49/hdl/jt49_div.v Line: 25
Info (12021): Found 1 design units, including 1 entities, in source file core/sound/jt12/jt49/hdl/jt49_eg.v
    Info (12023): Found entity 1: jt49_eg File: /work/fpga/core/sound/jt12/jt49/hdl/jt49_eg.v Line: 24
Info (12021): Found 1 design units, including 1 entities, in source file core/sound/jt12/jt49/hdl/jt49_exp.v
    Info (12023): Found entity 1: jt49_exp File: /work/fpga/core/sound/jt12/jt49/hdl/jt49_exp.v Line: 30
Info (12021): Found 1 design units, including 1 entities, in source file core/sound/jt12/jt49/hdl/jt49_noise.v
    Info (12023): Found entity 1: jt49_noise File: /work/fpga/core/sound/jt12/jt49/hdl/jt49_noise.v Line: 25
Info (12021): Found 1 design units, including 1 entities, in source file core/pocket_mouse.sv
    Info (12023): Found entity 1: pocket_mouse File: /work/fpga/core/pocket_mouse.sv Line: 7
Info (12021): Found 1 design units, including 1 entities, in source file core/pocket_video.sv
    Info (12023): Found entity 1: pocket_video File: /work/fpga/core/pocket_video.sv Line: 11
Info (12021): Found 1 design units, including 1 entities, in source file core/video_sync_guard.sv
    Info (12023): Found entity 1: video_sync_guard File: /work/fpga/core/video_sync_guard.sv Line: 9
Info (12021): Found 1 design units, including 1 entities, in source file core/audio/audio_mixer.sv
    Info (12023): Found entity 1: audio_mixer File: /work/fpga/core/audio/audio_mixer.sv Line: 33
Info (12021): Found 1 design units, including 1 entities, in source file core/audio/sound_i2s.sv
    Info (12023): Found entity 1: sound_i2s File: /work/fpga/core/audio/sound_i2s.sv Line: 26
Info (12021): Found 1 design units, including 1 entities, in source file core/audio/filters/audio_filters.sv
    Info (12023): Found entity 1: audio_filters File: /work/fpga/core/audio/filters/audio_filters.sv Line: 29
Info (12021): Found 1 design units, including 1 entities, in source file core/audio/filters/audio_mix.sv
    Info (12023): Found entity 1: audio_mix File: /work/fpga/core/audio/filters/audio_mix.sv Line: 29
Info (12021): Found 1 design units, including 1 entities, in source file core/audio/filters/dc_blocker.sv
    Info (12023): Found entity 1: dc_blocker File: /work/fpga/core/audio/filters/dc_blocker.sv Line: 36
Info (12021): Found 1 design units, including 1 entities, in source file core/audio/filters/iir_filter.sv
    Info (12023): Found entity 1: iir_filter File: /work/fpga/core/audio/filters/iir_filter.sv Line: 35
Info (12021): Found 1 design units, including 1 entities, in source file core/audio/filters/iir_filter_tap.sv
    Info (12023): Found entity 1: iir_filter_tap File: /work/fpga/core/audio/filters/iir_filter_tap.sv Line: 41
Info (12021): Found 1 design units, including 1 entities, in source file core/audio_pll.v
    Info (12023): Found entity 1: audio_pll File: /work/fpga/core/audio_pll.v Line: 7
Warning (10335): Unrecognized synthesis attribute "parallel_case" at core/picorv32.v(331) File: /work/fpga/core/picorv32.v Line: 331
Warning (10335): Unrecognized synthesis attribute "full_case" at core/picorv32.v(402) File: /work/fpga/core/picorv32.v Line: 402
Warning (10335): Unrecognized synthesis attribute "parallel_case" at core/picorv32.v(1119) File: /work/fpga/core/picorv32.v Line: 1119
Warning (10335): Unrecognized synthesis attribute "parallel_case" at core/picorv32.v(1251) File: /work/fpga/core/picorv32.v Line: 1251
Warning (10335): Unrecognized synthesis attribute "full_case" at core/picorv32.v(1251) File: /work/fpga/core/picorv32.v Line: 1251
Warning (10335): Unrecognized synthesis attribute "parallel_case" at core/picorv32.v(1268) File: /work/fpga/core/picorv32.v Line: 1268
Warning (10335): Unrecognized synthesis attribute "full_case" at core/picorv32.v(1268) File: /work/fpga/core/picorv32.v Line: 1268
Warning (10335): Unrecognized synthesis attribute "parallel_case" at core/picorv32.v(1314) File: /work/fpga/core/picorv32.v Line: 1314
Warning (10335): Unrecognized synthesis attribute "parallel_case" at core/picorv32.v(1485) File: /work/fpga/core/picorv32.v Line: 1485
Warning (10335): Unrecognized synthesis attribute "full_case" at core/picorv32.v(1485) File: /work/fpga/core/picorv32.v Line: 1485
Warning (10335): Unrecognized synthesis attribute "parallel_case" at core/picorv32.v(1497) File: /work/fpga/core/picorv32.v Line: 1497
Warning (10335): Unrecognized synthesis attribute "parallel_case" at core/picorv32.v(1583) File: /work/fpga/core/picorv32.v Line: 1583
Warning (10335): Unrecognized synthesis attribute "parallel_case" at core/picorv32.v(1627) File: /work/fpga/core/picorv32.v Line: 1627
Warning (10335): Unrecognized synthesis attribute "full_case" at core/picorv32.v(1627) File: /work/fpga/core/picorv32.v Line: 1627
Warning (10335): Unrecognized synthesis attribute "parallel_case" at core/picorv32.v(1735) File: /work/fpga/core/picorv32.v Line: 1735
Warning (10335): Unrecognized synthesis attribute "parallel_case" at core/picorv32.v(1766) File: /work/fpga/core/picorv32.v Line: 1766
Warning (10335): Unrecognized synthesis attribute "parallel_case" at core/picorv32.v(1836) File: /work/fpga/core/picorv32.v Line: 1836
Warning (10335): Unrecognized synthesis attribute "full_case" at core/picorv32.v(1836) File: /work/fpga/core/picorv32.v Line: 1836
Warning (10335): Unrecognized synthesis attribute "parallel_case" at core/picorv32.v(1844) File: /work/fpga/core/picorv32.v Line: 1844
Warning (10335): Unrecognized synthesis attribute "full_case" at core/picorv32.v(1844) File: /work/fpga/core/picorv32.v Line: 1844
Warning (10335): Unrecognized synthesis attribute "parallel_case" at core/picorv32.v(1859) File: /work/fpga/core/picorv32.v Line: 1859
Warning (10335): Unrecognized synthesis attribute "full_case" at core/picorv32.v(1859) File: /work/fpga/core/picorv32.v Line: 1859
Warning (10335): Unrecognized synthesis attribute "parallel_case" at core/picorv32.v(1884) File: /work/fpga/core/picorv32.v Line: 1884
Warning (10335): Unrecognized synthesis attribute "full_case" at core/picorv32.v(1884) File: /work/fpga/core/picorv32.v Line: 1884
Warning (10335): Unrecognized synthesis attribute "parallel_case" at core/picorv32.v(1901) File: /work/fpga/core/picorv32.v Line: 1901
Warning (10335): Unrecognized synthesis attribute "full_case" at core/picorv32.v(1901) File: /work/fpga/core/picorv32.v Line: 1901
Info (12021): Found 8 design units, including 8 entities, in source file core/picorv32.v
    Info (12023): Found entity 1: picorv32 File: /work/fpga/core/picorv32.v Line: 62
    Info (12023): Found entity 2: picorv32_regs File: /work/fpga/core/picorv32.v Line: 2174
    Info (12023): Found entity 3: picorv32_pcpi_mul File: /work/fpga/core/picorv32.v Line: 2197
    Info (12023): Found entity 4: picorv32_pcpi_fast_mul File: /work/fpga/core/picorv32.v Line: 2318
    Info (12023): Found entity 5: picorv32_pcpi_div File: /work/fpga/core/picorv32.v Line: 2420
    Info (12023): Found entity 6: picorv32_axi File: /work/fpga/core/picorv32.v Line: 2517
    Info (12023): Found entity 7: picorv32_axi_adapter File: /work/fpga/core/picorv32.v Line: 2731
    Info (12023): Found entity 8: picorv32_wb File: /work/fpga/core/picorv32.v Line: 2815
Info (12021): Found 1 design units, including 1 entities, in source file core/sprom.v
    Info (12023): Found entity 1: sprom File: /work/fpga/core/sprom.v Line: 28
Info (12021): Found 1 design units, including 1 entities, in source file core/softcpu_subsystem.sv
    Info (12023): Found entity 1: softcpu_subsystem File: /work/fpga/core/softcpu_subsystem.sv Line: 20
Info (12021): Found 1 design units, including 1 entities, in source file core/softcpu_fdd_bridge.sv
    Info (12023): Found entity 1: softcpu_fdd_bridge File: /work/fpga/core/softcpu_fdd_bridge.sv Line: 33
Info (12021): Found 1 design units, including 1 entities, in source file core/pll.v
    Info (12023): Found entity 1: pll File: /work/fpga/core/pll.v Line: 14
Info (12021): Found 1 design units, including 1 entities, in source file core/common/ram.v
    Info (12023): Found entity 1: ram File: /work/fpga/core/common/ram.v Line: 1
Info (12021): Found 2 design units, including 2 entities, in source file core/common/bios.v
    Info (12023): Found entity 1: bios File: /work/fpga/core/common/bios.v Line: 1
    Info (12023): Found entity 2: xtide File: /work/fpga/core/common/bios.v Line: 22
Info (12021): Found 1 design units, including 1 entities, in source file core/common/floppy.v
    Info (12023): Found entity 1: floppy File: /work/fpga/core/common/floppy.v Line: 28
Info (12021): Found 1 design units, including 1 entities, in source file core/common/simple_fifo.v
    Info (12023): Found entity 1: simple_fifo File: /work/fpga/core/common/simple_fifo.v Line: 27
Info (12021): Found 1 design units, including 1 entities, in source file core/common/simple_ram.v
    Info (12023): Found entity 1: simple_ram File: /work/fpga/core/common/simple_ram.v Line: 28
Info (12021): Found 1 design units, including 1 entities, in source file core/common/MSMouseWrapper.v
    Info (12023): Found entity 1: MSMouseWrapper File: /work/fpga/core/common/MSMouseWrapper.v Line: 37
Info (12021): Found 10 design units, including 5 entities, in source file core/common/bram.vhd
    Info (12022): Found design unit 1: spram-SYN File: /work/fpga/core/common/bram.vhd Line: 31
    Info (12022): Found design unit 2: spram_sz-SYN File: /work/fpga/core/common/bram.vhd Line: 69
    Info (12022): Found design unit 3: dpram-SYN File: /work/fpga/core/common/bram.vhd Line: 138
    Info (12022): Found design unit 4: dpram_dif-SYN File: /work/fpga/core/common/bram.vhd Line: 182
    Info (12022): Found design unit 5: dpram_difclk-SYN File: /work/fpga/core/common/bram.vhd Line: 277
    Info (12023): Found entity 1: spram File: /work/fpga/core/common/bram.vhd Line: 11
    Info (12023): Found entity 2: spram_sz File: /work/fpga/core/common/bram.vhd Line: 49
    Info (12023): Found entity 3: dpram File: /work/fpga/core/common/bram.vhd Line: 111
    Info (12023): Found entity 4: dpram_dif File: /work/fpga/core/common/bram.vhd Line: 153
    Info (12023): Found entity 5: dpram_difclk File: /work/fpga/core/common/bram.vhd Line: 247
Info (12021): Found 1 design units, including 1 entities, in source file core/common/jtframe_credits.v
    Info (12023): Found entity 1: jtframe_credits File: /work/fpga/core/common/jtframe_credits.v Line: 21
Info (12021): Found 1 design units, including 1 entities, in source file core/common/jtframe_ram.v
    Info (12023): Found entity 1: jtframe_ram File: /work/fpga/core/common/jtframe_ram.v Line: 30
Info (12021): Found 2 design units, including 2 entities, in source file core/common/jtframe_dual_ram.v
    Info (12023): Found entity 1: jtframe_dual_ram File: /work/fpga/core/common/jtframe_dual_ram.v Line: 29
    Info (12023): Found entity 2: jtframe_dual_ram_cen File: /work/fpga/core/common/jtframe_dual_ram.v Line: 83
Info (12021): Found 1 design units, including 0 entities, in source file core/v30/v30u_ss_pkg.sv
    Info (12022): Found design unit 1: v30_ss_pkg (SystemVerilog) File: /work/fpga/core/v30/v30u_ss_pkg.sv Line: 61
Info (12021): Found 1 design units, including 1 entities, in source file core/v30/v30_core.sv
    Info (12023): Found entity 1: v30_core File: /work/fpga/core/v30/v30_core.sv Line: 80
Info (12021): Found 1 design units, including 1 entities, in source file core/v30/v30u_biu.sv
    Info (12023): Found entity 1: v30u_biu File: /work/fpga/core/v30/v30u_biu.sv Line: 146
Info (12021): Found 1 design units, including 1 entities, in source file core/v30/v30u_eu.sv
    Info (12023): Found entity 1: v30u_eu File: /work/fpga/core/v30/v30u_eu.sv Line: 63
Warning (10335): Unrecognized synthesis attribute "attribute" at core/v30/v30u_ucrom.sv(34) File: /work/fpga/core/v30/v30u_ucrom.sv Line: 34
Info (12021): Found 1 design units, including 1 entities, in source file core/v30/v30u_ucrom.sv
    Info (12023): Found entity 1: v30u_ucrom File: /work/fpga/core/v30/v30u_ucrom.sv Line: 43
Info (12021): Found 1 design units, including 1 entities, in source file core/v30_cpu_bridge.sv
    Info (12023): Found entity 1: v30_cpu_bridge File: /work/fpga/core/v30_cpu_bridge.sv Line: 112
Info (12021): Found 1 design units, including 1 entities, in source file core/chipset/HDL/sdram_single/HDL/sdram_single.sv
    Info (12023): Found entity 1: sdram_single File: /work/fpga/core/chipset/HDL/sdram_single/HDL/sdram_single.sv Line: 7
Info (12021): Found 1 design units, including 1 entities, in source file core/sdram_mp.sv
    Info (12023): Found entity 1: sdram_mp File: /work/fpga/core/sdram_mp.sv Line: 41
Info (12021): Found 1 design units, including 1 entities, in source file core/sdram_selftest_master.sv
    Info (12023): Found entity 1: sdram_selftest_master File: /work/fpga/core/sdram_selftest_master.sv Line: 25
Info (12021): Found 1 design units, including 1 entities, in source file core/post_monitor.sv
    Info (12023): Found entity 1: post_monitor File: /work/fpga/core/post_monitor.sv Line: 21
Info (12021): Found 1 design units, including 1 entities, in source file core/pc98_tvram.sv
    Info (12023): Found entity 1: pc98_tvram File: /work/fpga/core/pc98_tvram.sv Line: 60
Info (12021): Found 1 design units, including 1 entities, in source file core/pc98_kbd8251.sv
    Info (12023): Found entity 1: pc98_kbd8251 File: /work/fpga/core/pc98_kbd8251.sv Line: 80
Info (12021): Found 1 design units, including 1 entities, in source file core/pc98_font_ank.sv
    Info (12023): Found entity 1: pc98_font_ank File: /work/fpga/core/pc98_font_ank.sv Line: 26
Info (12021): Found 1 design units, including 1 entities, in source file core/pc98_text_render.sv
    Info (12023): Found entity 1: pc98_text_render File: /work/fpga/core/pc98_text_render.sv Line: 26
Info (12021): Found 1 design units, including 1 entities, in source file core/pc98_video_timing.sv
    Info (12023): Found entity 1: pc98_video_timing File: /work/fpga/core/pc98_video_timing.sv Line: 27
Info (12021): Found 1 design units, including 1 entities, in source file core/pc98_glyph_addr.sv
    Info (12023): Found entity 1: pc98_glyph_addr File: /work/fpga/core/pc98_glyph_addr.sv Line: 45
Info (12021): Found 1 design units, including 1 entities, in source file core/pc98_gdc_mode1.sv
    Info (12023): Found entity 1: pc98_gdc_mode1 File: /work/fpga/core/pc98_gdc_mode1.sv Line: 48
Info (12021): Found 1 design units, including 1 entities, in source file core/pc98_glyph_rowbuf.sv
    Info (12023): Found entity 1: pc98_glyph_rowbuf File: /work/fpga/core/pc98_glyph_rowbuf.sv Line: 37
Info (12021): Found 1 design units, including 1 entities, in source file core/pc98_font_fetch.sv
    Info (12023): Found entity 1: pc98_font_fetch File: /work/fpga/core/pc98_font_fetch.sv Line: 42
Info (12021): Found 1 design units, including 1 entities, in source file core/pc98_jtag_probe.sv
    Info (12023): Found entity 1: pc98_jtag_probe File: /work/fpga/core/pc98_jtag_probe.sv Line: 22
Info (12021): Found 1 design units, including 1 entities, in source file core/pulse_cdc.sv
    Info (12023): Found entity 1: pulse_cdc File: /work/fpga/core/pulse_cdc.sv Line: 29
Info (12021): Found 1 design units, including 1 entities, in source file core/pc98_cgwindow.sv
    Info (12023): Found entity 1: pc98_cgwindow File: /work/fpga/core/pc98_cgwindow.sv Line: 53
Info (12021): Found 1 design units, including 1 entities, in source file core/pc98_gvram_display.sv
    Info (12023): Found entity 1: pc98_gvram_display File: /work/fpga/core/pc98_gvram_display.sv Line: 40
Info (12021): Found 1 design units, including 1 entities, in source file core/pll_video_pc98.v
    Info (12023): Found entity 1: pll_video_pc98 File: /work/fpga/core/pll_video_pc98.v Line: 21
Info (12021): Found 1 design units, including 1 entities, in source file core/sdram_shim.sv
    Info (12023): Found entity 1: sdram_shim File: /work/fpga/core/sdram_shim.sv Line: 43
Info (12021): Found 1 design units, including 1 entities, in source file core/chipset/HDL/ps2_keyboard/HDL/ps2_keyboard_Byte_Accept.sv
    Info (12023): Found entity 1: ps2_keyboard_Byte_Accept File: /work/fpga/core/chipset/HDL/ps2_keyboard/HDL/ps2_keyboard_Byte_Accept.sv Line: 9
Info (12021): Found 1 design units, including 1 entities, in source file core/chipset/HDL/ps2_keyboard/HDL/ps2_keyboard.sv
    Info (12023): Found entity 1: ps2_keyboard File: /work/fpga/core/chipset/HDL/ps2_keyboard/HDL/ps2_keyboard.sv Line: 12
Info (12021): Found 1 design units, including 1 entities, in source file core/chipset/HDL/i8288/HDL/i8288.sv
    Info (12023): Found entity 1: i8288 File: /work/fpga/core/chipset/HDL/i8288/HDL/i8288.sv Line: 8
Info (12021): Found 2 design units, including 1 entities, in source file core/chipset/HDL/i8259/HDL/i8259_Priority_Resolver.sv
    Info (12022): Found design unit 1: i8259_Common_Package (SystemVerilog) File: /work/fpga/core/chipset/HDL/i8259/HDL/i8259_Common_Package.svh Line: 9
    Info (12023): Found entity 1: i8259_Priority_Resolver File: /work/fpga/core/chipset/HDL/i8259/HDL/i8259_Priority_Resolver.sv Line: 8
Info (12021): Found 1 design units, including 1 entities, in source file core/chipset/HDL/i8259/HDL/i8259_Interrupt_Request.sv
    Info (12023): Found entity 1: i8259_Interrupt_Request File: /work/fpga/core/chipset/HDL/i8259/HDL/i8259_Interrupt_Request.sv Line: 6
Info (12021): Found 1 design units, including 1 entities, in source file core/chipset/HDL/i8259/HDL/i8259_In_Service.sv
    Info (12023): Found entity 1: i8259_In_Service File: /work/fpga/core/chipset/HDL/i8259/HDL/i8259_In_Service.sv Line: 8
Info (12021): Found 1 design units, including 1 entities, in source file core/chipset/HDL/i8259/HDL/i8259_Control_Logic.sv
    Info (12023): Found entity 1: i8259_Control_Logic File: /work/fpga/core/chipset/HDL/i8259/HDL/i8259_Control_Logic.sv Line: 8
Info (12021): Found 1 design units, including 1 entities, in source file core/chipset/HDL/i8259/HDL/i8259_Bus_Control_Logic.sv
    Info (12023): Found entity 1: i8259_Bus_Control_Logic File: /work/fpga/core/chipset/HDL/i8259/HDL/i8259_Bus_Control_Logic.sv Line: 7
Info (12021): Found 1 design units, including 1 entities, in source file core/chipset/HDL/i8259/HDL/i8259.sv
    Info (12023): Found entity 1: i8259 File: /work/fpga/core/chipset/HDL/i8259/HDL/i8259.sv Line: 7
Info (12021): Found 1 design units, including 1 entities, in source file core/chipset/HDL/i8253/HDL/i8253_Counter.sv
    Info (12023): Found entity 1: i8253_Counter File: /work/fpga/core/chipset/HDL/i8253/HDL/i8253_Counter.sv Line: 10
Info (12021): Found 1 design units, including 1 entities, in source file core/chipset/HDL/i8253/HDL/i8253_Control_Logic.sv
    Info (12023): Found entity 1: i8253_Control_Logic File: /work/fpga/core/chipset/HDL/i8253/HDL/i8253_Control_Logic.sv Line: 8
Info (12021): Found 1 design units, including 1 entities, in source file core/chipset/HDL/i8253/HDL/i8253.sv
    Info (12023): Found entity 1: i8253 File: /work/fpga/core/chipset/HDL/i8253/HDL/i8253.sv Line: 8
Info (12021): Found 2 design units, including 1 entities, in source file core/chipset/HDL/upd71071/HDL/upd71071_Timing_And_Control.sv
    Info (12022): Found design unit 1: upd71071_Common_Package (SystemVerilog) File: /work/fpga/core/chipset/HDL/upd71071/HDL/upd71071_Common_Package.svh Line: 9
    Info (12023): Found entity 1: upd71071_Timing_And_Control File: /work/fpga/core/chipset/HDL/upd71071/HDL/upd71071_Timing_And_Control.sv Line: 19
Info (12021): Found 1 design units, including 1 entities, in source file core/chipset/HDL/upd71071/HDL/upd71071_Priority_Encoder.sv
    Info (12023): Found entity 1: upd71071_Priority_Encoder File: /work/fpga/core/chipset/HDL/upd71071/HDL/upd71071_Priority_Encoder.sv Line: 9
Info (12021): Found 1 design units, including 1 entities, in source file core/chipset/HDL/upd71071/HDL/upd71071_Bus_Control_Logic.sv
    Info (12023): Found entity 1: upd71071_Bus_Control_Logic File: /work/fpga/core/chipset/HDL/upd71071/HDL/upd71071_Bus_Control_Logic.sv Line: 8
Info (12021): Found 1 design units, including 1 entities, in source file core/chipset/HDL/upd71071/HDL/upd71071_Address_And_Count_Registers.sv
    Info (12023): Found entity 1: upd71071_Address_And_Count_Registers File: /work/fpga/core/chipset/HDL/upd71071/HDL/upd71071_Address_And_Count_Registers.sv Line: 9
Info (12021): Found 1 design units, including 1 entities, in source file core/chipset/HDL/upd71071/HDL/upd71071.sv
    Info (12023): Found entity 1: upd71071 File: /work/fpga/core/chipset/HDL/upd71071/HDL/upd71071.sv Line: 8
Info (12021): Found 1 design units, including 1 entities, in source file core/chipset/HDL/ce_generator.sv
    Info (12023): Found entity 1: ce_generator File: /work/fpga/core/chipset/HDL/ce_generator.sv Line: 7
Info (12021): Found 1 design units, including 1 entities, in source file core/chipset/HDL/Ready.sv
    Info (12023): Found entity 1: READY File: /work/fpga/core/chipset/HDL/Ready.sv Line: 5
Info (12021): Found 1 design units, including 1 entities, in source file core/chipset/HDL/RAM.sv
    Info (12023): Found entity 1: RAM File: /work/fpga/core/chipset/HDL/RAM.sv Line: 7
Info (12021): Found 1 design units, including 1 entities, in source file core/chipset/HDL/Peripherals.sv
    Info (12023): Found entity 1: PERIPHERALS File: /work/fpga/core/chipset/HDL/Peripherals.sv Line: 23
Info (12021): Found 1 design units, including 1 entities, in source file core/chipset/HDL/Chipset.sv
    Info (12023): Found entity 1: CHIPSET File: /work/fpga/core/chipset/HDL/Chipset.sv Line: 7
Info (12021): Found 1 design units, including 1 entities, in source file core/chipset/HDL/Bus_Arbiter.sv
    Info (12023): Found entity 1: BUS_ARBITER File: /work/fpga/core/chipset/HDL/Bus_Arbiter.sv Line: 5
Warning (10037): Verilog HDL or VHDL warning at Peripherals.sv(465): conditional expression evaluates to a constant File: /work/fpga/core/chipset/HDL/Peripherals.sv Line: 465
Info (12127): Elaborating entity "apf_top" for the top level hierarchy
Info (12128): Elaborating entity "mf_ddio_bidir_12" for hierarchy "mf_ddio_bidir_12:isco" File: /work/fpga/apf/apf_top.v Line: 253
Info (12128): Elaborating entity "altddio_bidir" for hierarchy "mf_ddio_bidir_12:isco|altddio_bidir:ALTDDIO_BIDIR_component" File: /work/fpga/apf/mf_ddio_bidir_12.v Line: 81
Info (12130): Elaborated megafunction instantiation "mf_ddio_bidir_12:isco|altddio_bidir:ALTDDIO_BIDIR_component" File: /work/fpga/apf/mf_ddio_bidir_12.v Line: 81
Info (12133): Instantiated megafunction "mf_ddio_bidir_12:isco|altddio_bidir:ALTDDIO_BIDIR_component" with the following parameter: File: /work/fpga/apf/mf_ddio_bidir_12.v Line: 81
    Info (12134): Parameter "extend_oe_disable" = "OFF"
    Info (12134): Parameter "implement_input_in_lcell" = "OFF"
    Info (12134): Parameter "intended_device_family" = "Cyclone V"
    Info (12134): Parameter "invert_output" = "OFF"
    Info (12134): Parameter "lpm_hint" = "UNUSED"
    Info (12134): Parameter "lpm_type" = "altddio_bidir"
    Info (12134): Parameter "oe_reg" = "UNREGISTERED"
    Info (12134): Parameter "power_up_high" = "OFF"
    Info (12134): Parameter "width" = "12"
Info (12021): Found 1 design units, including 1 entities, in source file db/ddio_bidir_euo.tdf
    Info (12023): Found entity 1: ddio_bidir_euo File: /work/fpga/db/ddio_bidir_euo.tdf Line: 33
Info (12128): Elaborating entity "ddio_bidir_euo" for hierarchy "mf_ddio_bidir_12:isco|altddio_bidir:ALTDDIO_BIDIR_component|ddio_bidir_euo:auto_generated" File: /opt/intelFPGA/quartus/libraries/megafunctions/altddio_bidir.tdf Line: 116
Info (12128): Elaborating entity "io_pad_controller" for hierarchy "io_pad_controller:ipm" File: /work/fpga/apf/apf_top.v Line: 314
Info (12128): Elaborating entity "synch_3" for hierarchy "io_pad_controller:ipm|synch_3:s00" File: /work/fpga/apf/io_pad_controller.v Line: 65
Info (12128): Elaborating entity "io_bridge_peripheral" for hierarchy "io_bridge_peripheral:ibs" File: /work/fpga/apf/apf_top.v Line: 343
Info (12128): Elaborating entity "core_top" for hierarchy "core_top:ic" File: /work/fpga/apf/apf_top.v Line: 472
Warning (10036): Verilog HDL or VHDL warning at core_top.sv(2395): object "pc98_port_b_in" assigned a value but never read File: /work/fpga/core/core_top.sv Line: 2395
Warning (10762): Verilog HDL Case Statement warning at core_top.sv(611): can't check case statement for completeness because the case expression has too many possible states File: /work/fpga/core/core_top.sv Line: 611
Warning (10230): Verilog HDL assignment warning at core_top.sv(663): truncated value with size 7 to match size of target (4) File: /work/fpga/core/core_top.sv Line: 663
Warning (10230): Verilog HDL assignment warning at core_top.sv(664): truncated value with size 7 to match size of target (5) File: /work/fpga/core/core_top.sv Line: 664
Warning (10230): Verilog HDL assignment warning at core_top.sv(665): truncated value with size 15 to match size of target (12) File: /work/fpga/core/core_top.sv Line: 665
Warning (10230): Verilog HDL assignment warning at core_top.sv(714): truncated value with size 76 to match size of target (48) File: /work/fpga/core/core_top.sv Line: 714
Warning (10762): Verilog HDL Case Statement warning at core_top.sv(1323): can't check case statement for completeness because the case expression has too many possible states File: /work/fpga/core/core_top.sv Line: 1323
Warning (10230): Verilog HDL assignment warning at core_top.sv(2025): truncated value with size 32 to match size of target (20) File: /work/fpga/core/core_top.sv Line: 2025
Info (12128): Elaborating entity "pll" for hierarchy "core_top:ic|pll:pll" File: /work/fpga/core/core_top.sv Line: 277
Info (12128): Elaborating entity "altera_pll" for hierarchy "core_top:ic|pll:pll|altera_pll:altera_pll_i" File: /work/fpga/core/pll.v Line: 90
Info (10008): Verilog HDL or VHDL information: EDA Netlist Writer cannot regroup multidimensional array "wire_to_nowhere_64" into its bus
Info (12130): Elaborated megafunction instantiation "core_top:ic|pll:pll|altera_pll:altera_pll_i" File: /work/fpga/core/pll.v Line: 90
Info (12133): Instantiated megafunction "core_top:ic|pll:pll|altera_pll:altera_pll_i" with the following parameter: File: /work/fpga/core/pll.v Line: 90
    Info (12134): Parameter "fractional_vco_multiplier" = "true"
    Info (12134): Parameter "reference_clock_frequency" = "74.25 MHz"
    Info (12134): Parameter "operation_mode" = "normal"
    Info (12134): Parameter "number_of_clocks" = "6"
    Info (12134): Parameter "output_clock_frequency0" = "42.954545 MHz"
    Info (12134): Parameter "phase_shift0" = "0 ps"
    Info (12134): Parameter "duty_cycle0" = "50"
    Info (12134): Parameter "output_clock_frequency1" = "85.909091 MHz"
    Info (12134): Parameter "phase_shift1" = "0 ps"
    Info (12134): Parameter "duty_cycle1" = "50"
    Info (12134): Parameter "output_clock_frequency2" = "42.954545 MHz"
    Info (12134): Parameter "phase_shift2" = "11640 ps"
    Info (12134): Parameter "duty_cycle2" = "50"
    Info (12134): Parameter "output_clock_frequency3" = "28.636360 MHz"
    Info (12134): Parameter "phase_shift3" = "0 ps"
    Info (12134): Parameter "duty_cycle3" = "50"
    Info (12134): Parameter "output_clock_frequency4" = "14.318180 MHz"
    Info (12134): Parameter "phase_shift4" = "0 ps"
    Info (12134): Parameter "duty_cycle4" = "50"
    Info (12134): Parameter "output_clock_frequency5" = "14.318180 MHz"
    Info (12134): Parameter "phase_shift5" = "17460 ps"
    Info (12134): Parameter "duty_cycle5" = "50"
    Info (12134): Parameter "pll_type" = "General"
    Info (12134): Parameter "pll_subtype" = "General"
Info (12128): Elaborating entity "ce_generator" for hierarchy "core_top:ic|ce_generator:u_ce_generator" File: /work/fpga/core/core_top.sv Line: 325
Info (12128): Elaborating entity "pll_video_pc98" for hierarchy "core_top:ic|pll_video_pc98:u_pll_pc98" File: /work/fpga/core/core_top.sv Line: 344
Info (12128): Elaborating entity "altera_pll" for hierarchy "core_top:ic|pll_video_pc98:u_pll_pc98|altera_pll:altera_pll_i" File: /work/fpga/core/pll_video_pc98.v Line: 49
Info (10008): Verilog HDL or VHDL information: EDA Netlist Writer cannot regroup multidimensional array "wire_to_nowhere_64" into its bus
Info (12130): Elaborated megafunction instantiation "core_top:ic|pll_video_pc98:u_pll_pc98|altera_pll:altera_pll_i" File: /work/fpga/core/pll_video_pc98.v Line: 49
Info (12133): Instantiated megafunction "core_top:ic|pll_video_pc98:u_pll_pc98|altera_pll:altera_pll_i" with the following parameter: File: /work/fpga/core/pll_video_pc98.v Line: 49
    Info (12134): Parameter "fractional_vco_multiplier" = "true"
    Info (12134): Parameter "reference_clock_frequency" = "74.25 MHz"
    Info (12134): Parameter "operation_mode" = "normal"
    Info (12134): Parameter "number_of_clocks" = "2"
    Info (12134): Parameter "output_clock_frequency0" = "21.052600 MHz"
    Info (12134): Parameter "phase_shift0" = "0 ps"
    Info (12134): Parameter "duty_cycle0" = "50"
    Info (12134): Parameter "output_clock_frequency1" = "21.052600 MHz"
    Info (12134): Parameter "phase_shift1" = "11875 ps"
    Info (12134): Parameter "duty_cycle1" = "50"
    Info (12134): Parameter "pll_type" = "General"
    Info (12134): Parameter "pll_subtype" = "General"
Info (12128): Elaborating entity "core_bridge_cmd" for hierarchy "core_top:ic|core_bridge_cmd:icb" File: /work/fpga/core/core_top.sv Line: 841
Warning (10036): Verilog HDL or VHDL warning at core_bridge_cmd.v(136): object "host_2C" assigned a value but never read File: /work/fpga/core/core_bridge_cmd.v Line: 136
Warning (10858): Verilog HDL warning at core_bridge_cmd.v(141): object host_4C used but never assigned File: /work/fpga/core/core_bridge_cmd.v Line: 141
Warning (10036): Verilog HDL or VHDL warning at core_bridge_cmd.v(167): object "target_40" assigned a value but never read File: /work/fpga/core/core_bridge_cmd.v Line: 167
Warning (10036): Verilog HDL or VHDL warning at core_bridge_cmd.v(168): object "target_44" assigned a value but never read File: /work/fpga/core/core_bridge_cmd.v Line: 168
Warning (10036): Verilog HDL or VHDL warning at core_bridge_cmd.v(169): object "target_48" assigned a value but never read File: /work/fpga/core/core_bridge_cmd.v Line: 169
Warning (10036): Verilog HDL or VHDL warning at core_bridge_cmd.v(170): object "target_4C" assigned a value but never read File: /work/fpga/core/core_bridge_cmd.v Line: 170
Warning (10230): Verilog HDL assignment warning at core_bridge_cmd.v(223): truncated value with size 32 to match size of target (10) File: /work/fpga/core/core_bridge_cmd.v Line: 223
Warning (10762): Verilog HDL Case Statement warning at core_bridge_cmd.v(226): can't check case statement for completeness because the case expression has too many possible states File: /work/fpga/core/core_bridge_cmd.v Line: 226
Warning (10762): Verilog HDL Case Statement warning at core_bridge_cmd.v(261): can't check case statement for completeness because the case expression has too many possible states File: /work/fpga/core/core_bridge_cmd.v Line: 261
Warning (10030): Net "host_4C" at core_bridge_cmd.v(141) has no driver or initial value, using a default initial value '0' File: /work/fpga/core/core_bridge_cmd.v Line: 141
Info (12128): Elaborating entity "mf_datatable" for hierarchy "core_top:ic|core_bridge_cmd:icb|mf_datatable:idt" File: /work/fpga/core/core_bridge_cmd.v Line: 542
Info (12128): Elaborating entity "altsyncram" for hierarchy "core_top:ic|core_bridge_cmd:icb|mf_datatable:idt|altsyncram:altsyncram_component" File: /work/fpga/apf/mf_datatable.v Line: 100
Info (12130): Elaborated megafunction instantiation "core_top:ic|core_bridge_cmd:icb|mf_datatable:idt|altsyncram:altsyncram_component" File: /work/fpga/apf/mf_datatable.v Line: 100
Info (12133): Instantiated megafunction "core_top:ic|core_bridge_cmd:icb|mf_datatable:idt|altsyncram:altsyncram_component" with the following parameter: File: /work/fpga/apf/mf_datatable.v Line: 100
    Info (12134): Parameter "address_reg_b" = "CLOCK1"
    Info (12134): Parameter "clock_enable_input_a" = "BYPASS"
    Info (12134): Parameter "clock_enable_input_b" = "BYPASS"
    Info (12134): Parameter "clock_enable_output_a" = "BYPASS"
    Info (12134): Parameter "clock_enable_output_b" = "BYPASS"
    Info (12134): Parameter "indata_reg_b" = "CLOCK1"
    Info (12134): Parameter "init_file" = "./apf/build_id.mif"
    Info (12134): Parameter "intended_device_family" = "Cyclone V"
    Info (12134): Parameter "lpm_type" = "altsyncram"
    Info (12134): Parameter "numwords_a" = "256"
    Info (12134): Parameter "numwords_b" = "256"
    Info (12134): Parameter "operation_mode" = "BIDIR_DUAL_PORT"
    Info (12134): Parameter "outdata_aclr_a" = "NONE"
    Info (12134): Parameter "outdata_aclr_b" = "NONE"
    Info (12134): Parameter "outdata_reg_a" = "CLOCK0"
    Info (12134): Parameter "outdata_reg_b" = "CLOCK1"
    Info (12134): Parameter "power_up_uninitialized" = "FALSE"
    Info (12134): Parameter "read_during_write_mode_port_a" = "NEW_DATA_NO_NBE_READ"
    Info (12134): Parameter "read_during_write_mode_port_b" = "NEW_DATA_NO_NBE_READ"
    Info (12134): Parameter "widthad_a" = "8"
    Info (12134): Parameter "widthad_b" = "8"
    Info (12134): Parameter "width_a" = "32"
    Info (12134): Parameter "width_b" = "32"
    Info (12134): Parameter "width_byteena_a" = "1"
    Info (12134): Parameter "width_byteena_b" = "1"
    Info (12134): Parameter "wrcontrol_wraddress_reg_b" = "CLOCK1"
Info (12021): Found 1 design units, including 1 entities, in source file db/altsyncram_ltk2.tdf
    Info (12023): Found entity 1: altsyncram_ltk2 File: /work/fpga/db/altsyncram_ltk2.tdf Line: 28
Info (12128): Elaborating entity "altsyncram_ltk2" for hierarchy "core_top:ic|core_bridge_cmd:icb|mf_datatable:idt|altsyncram:altsyncram_component|altsyncram_ltk2:auto_generated" File: /opt/intelFPGA/quartus/libraries/megafunctions/altsyncram.tdf Line: 792
Warning (113028): 253 out of 256 addresses are uninitialized. The Quartus Prime software will initialize them to "0". There are 2 warnings found, and 2 warnings are reported. File: /work/fpga/apf/build_id.mif Line: 1
    Warning (113027): Addresses ranging from 0 to 223 are not initialized File: /work/fpga/apf/build_id.mif Line: 1
    Warning (113027): Addresses ranging from 227 to 255 are not initialized File: /work/fpga/apf/build_id.mif Line: 1
Info (12128): Elaborating entity "synch_3" for hierarchy "core_top:ic|synch_3:s_fdd0_size" File: /work/fpga/core/core_top.sv Line: 889
Warning (10230): Verilog HDL assignment warning at common.v(74): truncated value with size 32 to match size of target (1) File: /work/fpga/apf/common.v Line: 74
Warning (10230): Verilog HDL assignment warning at common.v(75): truncated value with size 32 to match size of target (1) File: /work/fpga/apf/common.v Line: 75
Info (12128): Elaborating entity "softcpu_subsystem" for hierarchy "core_top:ic|softcpu_subsystem:u_softcpu" File: /work/fpga/core/core_top.sv Line: 1187
Warning (10230): Verilog HDL assignment warning at softcpu_subsystem.sv(1123): truncated value with size 40 to match size of target (32) File: /work/fpga/core/softcpu_subsystem.sv Line: 1123
Warning (10230): Verilog HDL assignment warning at softcpu_subsystem.sv(1124): truncated value with size 40 to match size of target (32) File: /work/fpga/core/softcpu_subsystem.sv Line: 1124
Warning (10762): Verilog HDL Case Statement warning at softcpu_subsystem.sv(1101): can't check case statement for completeness because the case expression has too many possible states File: /work/fpga/core/softcpu_subsystem.sv Line: 1101
Info (12128): Elaborating entity "picorv32" for hierarchy "core_top:ic|softcpu_subsystem:u_softcpu|picorv32:pico" File: /work/fpga/core/softcpu_subsystem.sv Line: 305
Warning (10036): Verilog HDL or VHDL warning at picorv32.v(181): object "dbg_insn_addr" assigned a value but never read File: /work/fpga/core/picorv32.v Line: 181
Warning (10036): Verilog HDL or VHDL warning at picorv32.v(183): object "dbg_mem_valid" assigned a value but never read File: /work/fpga/core/picorv32.v Line: 183
Warning (10036): Verilog HDL or VHDL warning at picorv32.v(184): object "dbg_mem_instr" assigned a value but never read File: /work/fpga/core/picorv32.v Line: 184
Warning (10036): Verilog HDL or VHDL warning at picorv32.v(185): object "dbg_mem_ready" assigned a value but never read File: /work/fpga/core/picorv32.v Line: 185
Warning (10036): Verilog HDL or VHDL warning at picorv32.v(186): object "dbg_mem_addr" assigned a value but never read File: /work/fpga/core/picorv32.v Line: 186
Warning (10036): Verilog HDL or VHDL warning at picorv32.v(187): object "dbg_mem_wdata" assigned a value but never read File: /work/fpga/core/picorv32.v Line: 187
Warning (10036): Verilog HDL or VHDL warning at picorv32.v(188): object "dbg_mem_wstrb" assigned a value but never read File: /work/fpga/core/picorv32.v Line: 188
Warning (10036): Verilog HDL or VHDL warning at picorv32.v(189): object "dbg_mem_rdata" assigned a value but never read File: /work/fpga/core/picorv32.v Line: 189
Warning (10036): Verilog HDL or VHDL warning at picorv32.v(375): object "mem_busy" assigned a value but never read File: /work/fpga/core/picorv32.v Line: 375
Warning (10036): Verilog HDL or VHDL warning at picorv32.v(696): object "dbg_rs1val" assigned a value but never read File: /work/fpga/core/picorv32.v Line: 696
Warning (10036): Verilog HDL or VHDL warning at picorv32.v(697): object "dbg_rs2val" assigned a value but never read File: /work/fpga/core/picorv32.v Line: 697
Warning (10036): Verilog HDL or VHDL warning at picorv32.v(698): object "dbg_rs1val_valid" assigned a value but never read File: /work/fpga/core/picorv32.v Line: 698
Warning (10036): Verilog HDL or VHDL warning at picorv32.v(699): object "dbg_rs2val_valid" assigned a value but never read File: /work/fpga/core/picorv32.v Line: 699
Warning (10036): Verilog HDL or VHDL warning at picorv32.v(769): object "dbg_valid_insn" assigned a value but never read File: /work/fpga/core/picorv32.v Line: 769
Warning (10036): Verilog HDL or VHDL warning at picorv32.v(1184): object "dbg_ascii_state" assigned a value but never read File: /work/fpga/core/picorv32.v Line: 1184
Warning (10270): Verilog HDL Case Statement warning at picorv32.v(332): incomplete case statement has no default case item File: /work/fpga/core/picorv32.v Line: 332
Warning (10230): Verilog HDL assignment warning at picorv32.v(617): truncated value with size 32 to match size of target (2) File: /work/fpga/core/picorv32.v Line: 617
Warning (10230): Verilog HDL assignment warning at picorv32.v(799): truncated value with size 6 to match size of target (5) File: /work/fpga/core/picorv32.v Line: 799
Warning (10230): Verilog HDL assignment warning at picorv32.v(801): truncated value with size 6 to match size of target (5) File: /work/fpga/core/picorv32.v Line: 801
Warning (10230): Verilog HDL assignment warning at picorv32.v(832): truncated value with size 6 to match size of target (5) File: /work/fpga/core/picorv32.v Line: 832
Warning (10230): Verilog HDL assignment warning at picorv32.v(834): truncated value with size 6 to match size of target (5) File: /work/fpga/core/picorv32.v Line: 834
Warning (10230): Verilog HDL assignment warning at picorv32.v(890): truncated value with size 32 to match size of target (6) File: /work/fpga/core/picorv32.v Line: 890
Warning (10230): Verilog HDL assignment warning at picorv32.v(1245): truncated value with size 33 to match size of target (32) File: /work/fpga/core/picorv32.v Line: 1245
Warning (10230): Verilog HDL assignment warning at picorv32.v(1250): truncated value with size 32 to match size of target (1) File: /work/fpga/core/picorv32.v Line: 1250
Warning (10763): Verilog HDL warning at picorv32.v(1252): case statement has overlapping case item expressions with non-constant or don't care bits - unable to check case statement for completeness File: /work/fpga/core/picorv32.v Line: 1252
Warning (10208): Verilog HDL Case Statement warning at picorv32.v(1252): honored full_case synthesis attribute - differences between design synthesis and simulation may occur File: /work/fpga/core/picorv32.v Line: 1252
Warning (10763): Verilog HDL warning at picorv32.v(1269): case statement has overlapping case item expressions with non-constant or don't care bits - unable to check case statement for completeness File: /work/fpga/core/picorv32.v Line: 1269
Warning (10208): Verilog HDL Case Statement warning at picorv32.v(1269): honored full_case synthesis attribute - differences between design synthesis and simulation may occur File: /work/fpga/core/picorv32.v Line: 1269
Warning (10763): Verilog HDL warning at picorv32.v(1315): case statement has overlapping case item expressions with non-constant or don't care bits - unable to check case statement for completeness File: /work/fpga/core/picorv32.v Line: 1315
Warning (10270): Verilog HDL Case Statement warning at picorv32.v(1315): incomplete case statement has no default case item File: /work/fpga/core/picorv32.v Line: 1315
Warning (10230): Verilog HDL assignment warning at picorv32.v(1349): truncated value with size 32 to match size of target (6) File: /work/fpga/core/picorv32.v Line: 1349
Warning (10230): Verilog HDL assignment warning at picorv32.v(1404): truncated value with size 32 to match size of target (5) File: /work/fpga/core/picorv32.v Line: 1404
Warning (10230): Verilog HDL assignment warning at picorv32.v(1426): truncated value with size 32 to match size of target (4) File: /work/fpga/core/picorv32.v Line: 1426
Warning (10230): Verilog HDL assignment warning at picorv32.v(1428): truncated value with size 32 to match size of target (4) File: /work/fpga/core/picorv32.v Line: 1428
Warning (10763): Verilog HDL warning at picorv32.v(1498): case statement has overlapping case item expressions with non-constant or don't care bits - unable to check case statement for completeness File: /work/fpga/core/picorv32.v Line: 1498
Warning (10230): Verilog HDL assignment warning at picorv32.v(1544): truncated value with size 32 to match size of target (6) File: /work/fpga/core/picorv32.v Line: 1544
Warning (10230): Verilog HDL assignment warning at picorv32.v(1594): truncated value with size 32 to match size of target (5) File: /work/fpga/core/picorv32.v Line: 1594
Warning (10763): Verilog HDL warning at picorv32.v(1628): case statement has overlapping case item expressions with non-constant or don't care bits - unable to check case statement for completeness File: /work/fpga/core/picorv32.v Line: 1628
Warning (10208): Verilog HDL Case Statement warning at picorv32.v(1628): honored full_case synthesis attribute - differences between design synthesis and simulation may occur File: /work/fpga/core/picorv32.v Line: 1628
Warning (10230): Verilog HDL assignment warning at picorv32.v(1663): truncated value with size 32 to match size of target (6) File: /work/fpga/core/picorv32.v Line: 1663
Warning (10230): Verilog HDL assignment warning at picorv32.v(1731): truncated value with size 32 to match size of target (5) File: /work/fpga/core/picorv32.v Line: 1731
Warning (10230): Verilog HDL assignment warning at picorv32.v(1761): truncated value with size 32 to match size of target (5) File: /work/fpga/core/picorv32.v Line: 1761
Warning (10763): Verilog HDL warning at picorv32.v(1837): case statement has overlapping case item expressions with non-constant or don't care bits - unable to check case statement for completeness File: /work/fpga/core/picorv32.v Line: 1837
Warning (10208): Verilog HDL Case Statement warning at picorv32.v(1837): honored full_case synthesis attribute - differences between design synthesis and simulation may occur File: /work/fpga/core/picorv32.v Line: 1837
Warning (10230): Verilog HDL assignment warning at picorv32.v(1842): truncated value with size 32 to match size of target (5) File: /work/fpga/core/picorv32.v Line: 1842
Warning (10763): Verilog HDL warning at picorv32.v(1845): case statement has overlapping case item expressions with non-constant or don't care bits - unable to check case statement for completeness File: /work/fpga/core/picorv32.v Line: 1845
Warning (10208): Verilog HDL Case Statement warning at picorv32.v(1845): honored full_case synthesis attribute - differences between design synthesis and simulation may occur File: /work/fpga/core/picorv32.v Line: 1845
Warning (10230): Verilog HDL assignment warning at picorv32.v(1850): truncated value with size 32 to match size of target (5) File: /work/fpga/core/picorv32.v Line: 1850
Warning (10763): Verilog HDL warning at picorv32.v(1860): case statement has overlapping case item expressions with non-constant or don't care bits - unable to check case statement for completeness File: /work/fpga/core/picorv32.v Line: 1860
Warning (10208): Verilog HDL Case Statement warning at picorv32.v(1860): honored full_case synthesis attribute - differences between design synthesis and simulation may occur File: /work/fpga/core/picorv32.v Line: 1860
Warning (10763): Verilog HDL warning at picorv32.v(1885): case statement has overlapping case item expressions with non-constant or don't care bits - unable to check case statement for completeness File: /work/fpga/core/picorv32.v Line: 1885
Warning (10208): Verilog HDL Case Statement warning at picorv32.v(1885): honored full_case synthesis attribute - differences between design synthesis and simulation may occur File: /work/fpga/core/picorv32.v Line: 1885
Warning (10763): Verilog HDL warning at picorv32.v(1902): case statement has overlapping case item expressions with non-constant or don't care bits - unable to check case statement for completeness File: /work/fpga/core/picorv32.v Line: 1902
Warning (10208): Verilog HDL Case Statement warning at picorv32.v(1902): honored full_case synthesis attribute - differences between design synthesis and simulation may occur File: /work/fpga/core/picorv32.v Line: 1902
Info (12128): Elaborating entity "picorv32_pcpi_mul" for hierarchy "core_top:ic|softcpu_subsystem:u_softcpu|picorv32:pico|picorv32_pcpi_mul:pcpi_mul" File: /work/fpga/core/picorv32.v Line: 297
Warning (10230): Verilog HDL assignment warning at picorv32.v(2291): truncated value with size 32 to match size of target (7) File: /work/fpga/core/picorv32.v Line: 2291
Warning (10230): Verilog HDL assignment warning at picorv32.v(2299): truncated value with size 32 to match size of target (7) File: /work/fpga/core/picorv32.v Line: 2299
Warning (10230): Verilog HDL assignment warning at picorv32.v(2313): truncated value with size 64 to match size of target (32) File: /work/fpga/core/picorv32.v Line: 2313
Info (12128): Elaborating entity "sprom" for hierarchy "core_top:ic|softcpu_subsystem:u_softcpu|sprom:pico_rom" File: /work/fpga/core/softcpu_subsystem.sv Line: 597
Warning (10850): Verilog HDL warning at sprom.v(80): number of words (7728) in memory file does not match the number of elements in the address range [0:8191] File: /work/fpga/core/sprom.v Line: 80
Info (12128): Elaborating entity "altsyncram" for hierarchy "core_top:ic|softcpu_subsystem:u_softcpu|altsyncram:fb_lane[0].fb" File: /work/fpga/core/softcpu_subsystem.sv Line: 700
Info (12130): Elaborated megafunction instantiation "core_top:ic|softcpu_subsystem:u_softcpu|altsyncram:fb_lane[0].fb" File: /work/fpga/core/softcpu_subsystem.sv Line: 700
Info (12133): Instantiated megafunction "core_top:ic|softcpu_subsystem:u_softcpu|altsyncram:fb_lane[0].fb" with the following parameter: File: /work/fpga/core/softcpu_subsystem.sv Line: 700
    Info (12134): Parameter "operation_mode" = "BIDIR_DUAL_PORT"
    Info (12134): Parameter "width_a" = "8"
    Info (12134): Parameter "widthad_a" = "14"
    Info (12134): Parameter "numwords_a" = "16384"
    Info (12134): Parameter "width_b" = "8"
    Info (12134): Parameter "widthad_b" = "14"
    Info (12134): Parameter "numwords_b" = "16384"
    Info (12134): Parameter "address_reg_b" = "CLOCK1"
    Info (12134): Parameter "outdata_reg_a" = "UNREGISTERED"
    Info (12134): Parameter "outdata_reg_b" = "UNREGISTERED"
    Info (12134): Parameter "lpm_type" = "altsyncram"
    Info (12134): Parameter "intended_device_family" = "Cyclone V"
Info (12021): Found 1 design units, including 1 entities, in source file db/altsyncram_dmd1.tdf
    Info (12023): Found entity 1: altsyncram_dmd1 File: /work/fpga/db/altsyncram_dmd1.tdf Line: 34
Info (12128): Elaborating entity "altsyncram_dmd1" for hierarchy "core_top:ic|softcpu_subsystem:u_softcpu|altsyncram:fb_lane[0].fb|altsyncram_dmd1:auto_generated" File: /opt/intelFPGA/quartus/libraries/megafunctions/altsyncram.tdf Line: 792
Info (12021): Found 1 design units, including 1 entities, in source file db/decode_5la.tdf
    Info (12023): Found entity 1: decode_5la File: /work/fpga/db/decode_5la.tdf Line: 23
Info (12128): Elaborating entity "decode_5la" for hierarchy "core_top:ic|softcpu_subsystem:u_softcpu|altsyncram:fb_lane[0].fb|altsyncram_dmd1:auto_generated|decode_5la:decode2" File: /work/fpga/db/altsyncram_dmd1.tdf Line: 49
Info (12021): Found 1 design units, including 1 entities, in source file db/decode_u0a.tdf
    Info (12023): Found entity 1: decode_u0a File: /work/fpga/db/decode_u0a.tdf Line: 23
Info (12128): Elaborating entity "decode_u0a" for hierarchy "core_top:ic|softcpu_subsystem:u_softcpu|altsyncram:fb_lane[0].fb|altsyncram_dmd1:auto_generated|decode_u0a:rden_decode_a" File: /work/fpga/db/altsyncram_dmd1.tdf Line: 51
Info (12021): Found 1 design units, including 1 entities, in source file db/mux_lfb.tdf
    Info (12023): Found entity 1: mux_lfb File: /work/fpga/db/mux_lfb.tdf Line: 23
Info (12128): Elaborating entity "mux_lfb" for hierarchy "core_top:ic|softcpu_subsystem:u_softcpu|altsyncram:fb_lane[0].fb|altsyncram_dmd1:auto_generated|mux_lfb:mux4" File: /work/fpga/db/altsyncram_dmd1.tdf Line: 53
Info (12128): Elaborating entity "altsyncram" for hierarchy "core_top:ic|softcpu_subsystem:u_softcpu|altsyncram:font_lane0" File: /work/fpga/core/softcpu_subsystem.sv Line: 885
Info (12130): Elaborated megafunction instantiation "core_top:ic|softcpu_subsystem:u_softcpu|altsyncram:font_lane0" File: /work/fpga/core/softcpu_subsystem.sv Line: 885
Info (12133): Instantiated megafunction "core_top:ic|softcpu_subsystem:u_softcpu|altsyncram:font_lane0" with the following parameter: File: /work/fpga/core/softcpu_subsystem.sv Line: 885
    Info (12134): Parameter "operation_mode" = "BIDIR_DUAL_PORT"
    Info (12134): Parameter "width_a" = "8"
    Info (12134): Parameter "widthad_a" = "9"
    Info (12134): Parameter "numwords_a" = "512"
    Info (12134): Parameter "width_b" = "8"
    Info (12134): Parameter "widthad_b" = "9"
    Info (12134): Parameter "numwords_b" = "512"
    Info (12134): Parameter "address_reg_b" = "CLOCK1"
    Info (12134): Parameter "outdata_reg_a" = "UNREGISTERED"
    Info (12134): Parameter "outdata_reg_b" = "UNREGISTERED"
    Info (12134): Parameter "lpm_type" = "altsyncram"
    Info (12134): Parameter "intended_device_family" = "Cyclone V"
Info (12021): Found 1 design units, including 1 entities, in source file db/altsyncram_pcd1.tdf
    Info (12023): Found entity 1: altsyncram_pcd1 File: /work/fpga/db/altsyncram_pcd1.tdf Line: 28
Info (12128): Elaborating entity "altsyncram_pcd1" for hierarchy "core_top:ic|softcpu_subsystem:u_softcpu|altsyncram:font_lane0|altsyncram_pcd1:auto_generated" File: /opt/intelFPGA/quartus/libraries/megafunctions/altsyncram.tdf Line: 792
Info (12128): Elaborating entity "softcpu_fdd_bridge" for hierarchy "core_top:ic|softcpu_subsystem:u_softcpu|softcpu_fdd_bridge:fdd_bridge" File: /work/fpga/core/softcpu_subsystem.sv Line: 1095
Info (12128): Elaborating entity "altsyncram" for hierarchy "core_top:ic|softcpu_subsystem:u_softcpu|softcpu_fdd_bridge:fdd_bridge|altsyncram:bridgeram" File: /work/fpga/core/softcpu_fdd_bridge.sv Line: 136
Info (12130): Elaborated megafunction instantiation "core_top:ic|softcpu_subsystem:u_softcpu|softcpu_fdd_bridge:fdd_bridge|altsyncram:bridgeram" File: /work/fpga/core/softcpu_fdd_bridge.sv Line: 136
Info (12133): Instantiated megafunction "core_top:ic|softcpu_subsystem:u_softcpu|softcpu_fdd_bridge:fdd_bridge|altsyncram:bridgeram" with the following parameter: File: /work/fpga/core/softcpu_fdd_bridge.sv Line: 136
    Info (12134): Parameter "operation_mode" = "BIDIR_DUAL_PORT"
    Info (12134): Parameter "width_a" = "32"
    Info (12134): Parameter "widthad_a" = "8"
    Info (12134): Parameter "width_b" = "32"
    Info (12134): Parameter "widthad_b" = "8"
    Info (12134): Parameter "address_reg_b" = "CLOCK1"
    Info (12134): Parameter "outdata_reg_a" = "UNREGISTERED"
    Info (12134): Parameter "outdata_reg_b" = "CLOCK1"
    Info (12134): Parameter "numwords_a" = "256"
    Info (12134): Parameter "numwords_b" = "256"
    Info (12134): Parameter "lpm_type" = "altsyncram"
    Info (12134): Parameter "intended_device_family" = "Cyclone V"
Info (12021): Found 1 design units, including 1 entities, in source file db/altsyncram_4ed1.tdf
    Info (12023): Found entity 1: altsyncram_4ed1 File: /work/fpga/db/altsyncram_4ed1.tdf Line: 28
Info (12128): Elaborating entity "altsyncram_4ed1" for hierarchy "core_top:ic|softcpu_subsystem:u_softcpu|softcpu_fdd_bridge:fdd_bridge|altsyncram:bridgeram|altsyncram_4ed1:auto_generated" File: /opt/intelFPGA/quartus/libraries/megafunctions/altsyncram.tdf Line: 792
Info (12128): Elaborating entity "pc98_jtag_probe" for hierarchy "core_top:ic|pc98_jtag_probe:u_jtag_probe" File: /work/fpga/core/core_top.sv Line: 1266
Info (12128): Elaborating entity "sld_virtual_jtag_basic" for hierarchy "core_top:ic|pc98_jtag_probe:u_jtag_probe|sld_virtual_jtag_basic:u_vjtag" File: /work/fpga/core/pc98_jtag_probe.sv Line: 92
Info (12130): Elaborated megafunction instantiation "core_top:ic|pc98_jtag_probe:u_jtag_probe|sld_virtual_jtag_basic:u_vjtag" File: /work/fpga/core/pc98_jtag_probe.sv Line: 92
Info (12133): Instantiated megafunction "core_top:ic|pc98_jtag_probe:u_jtag_probe|sld_virtual_jtag_basic:u_vjtag" with the following parameter: File: /work/fpga/core/pc98_jtag_probe.sv Line: 92
    Info (12134): Parameter "sld_mfg_id" = "00000000000"
    Info (12134): Parameter "sld_type_id" = "01110001"
    Info (12134): Parameter "sld_version" = "00001"
    Info (12134): Parameter "sld_instance_index" = "0"
    Info (12134): Parameter "sld_auto_instance_index" = "YES"
    Info (12134): Parameter "sld_ir_width" = "1"
    Info (12134): Parameter "sld_sim_n_scan" = "0"
    Info (12134): Parameter "sld_sim_action" = "UNUSED"
    Info (12134): Parameter "sld_sim_total_length" = "0"
Info (12128): Elaborating entity "sld_virtual_jtag_impl" for hierarchy "core_top:ic|pc98_jtag_probe:u_jtag_probe|sld_virtual_jtag_basic:u_vjtag|sld_virtual_jtag_impl:sld_virtual_jtag_impl_inst" File: /opt/intelFPGA/quartus/libraries/megafunctions/sld_virtual_jtag_basic.v Line: 152
Info (12131): Elaborated megafunction instantiation "core_top:ic|pc98_jtag_probe:u_jtag_probe|sld_virtual_jtag_basic:u_vjtag|sld_virtual_jtag_impl:sld_virtual_jtag_impl_inst", which is child of megafunction instantiation "core_top:ic|pc98_jtag_probe:u_jtag_probe|sld_virtual_jtag_basic:u_vjtag" File: /opt/intelFPGA/quartus/libraries/megafunctions/sld_virtual_jtag_basic.v Line: 152
Info (12128): Elaborating entity "sld_jtag_endpoint_adapter" for hierarchy "core_top:ic|pc98_jtag_probe:u_jtag_probe|sld_virtual_jtag_basic:u_vjtag|sld_virtual_jtag_impl:sld_virtual_jtag_impl_inst|sld_jtag_endpoint_adapter:jtag_signal_adapter" File: /opt/intelFPGA/quartus/libraries/megafunctions/sld_virtual_jtag_basic.v Line: 415
Info (12128): Elaborating entity "sld_jtag_endpoint_adapter_impl" for hierarchy "core_top:ic|pc98_jtag_probe:u_jtag_probe|sld_virtual_jtag_basic:u_vjtag|sld_virtual_jtag_impl:sld_virtual_jtag_impl_inst|sld_jtag_endpoint_adapter:jtag_signal_adapter|sld_jtag_endpoint_adapter_impl:sld_jtag_endpoint_adapter_impl_inst" File: /opt/intelFPGA/quartus/libraries/megafunctions/sld_jtag_endpoint_adapter.vhd Line: 232
Info (12128): Elaborating entity "synch_3" for hierarchy "core_top:ic|synch_3:s_wp_cfg" File: /work/fpga/core/core_top.sv Line: 1353
Warning (10230): Verilog HDL assignment warning at common.v(74): truncated value with size 2 to match size of target (1) File: /work/fpga/apf/common.v Line: 74
Warning (10230): Verilog HDL assignment warning at common.v(75): truncated value with size 2 to match size of target (1) File: /work/fpga/apf/common.v Line: 75
Info (12128): Elaborating entity "synch_3" for hierarchy "core_top:ic|synch_3:s_cont1_chip" File: /work/fpga/core/core_top.sv Line: 1354
Warning (10230): Verilog HDL assignment warning at common.v(74): truncated value with size 16 to match size of target (1) File: /work/fpga/apf/common.v Line: 74
Warning (10230): Verilog HDL assignment warning at common.v(75): truncated value with size 16 to match size of target (1) File: /work/fpga/apf/common.v Line: 75
Info (12128): Elaborating entity "synch_3" for hierarchy "core_top:ic|synch_3:s_palette_cfg" File: /work/fpga/core/core_top.sv Line: 1356
Warning (10230): Verilog HDL assignment warning at common.v(74): truncated value with size 3 to match size of target (1) File: /work/fpga/apf/common.v Line: 74
Warning (10230): Verilog HDL assignment warning at common.v(75): truncated value with size 3 to match size of target (1) File: /work/fpga/apf/common.v Line: 75
Info (12128): Elaborating entity "pocket_keyboard" for hierarchy "core_top:ic|pocket_keyboard:u_pocket_keyboard" File: /work/fpga/core/core_top.sv Line: 1419
Warning (10230): Verilog HDL assignment warning at pocket_keyboard.sv(75): truncated value with size 32 to match size of target (25) File: /work/fpga/core/pocket_keyboard.sv Line: 75
Warning (10230): Verilog HDL assignment warning at pocket_keyboard.sv(76): truncated value with size 32 to match size of target (25) File: /work/fpga/core/pocket_keyboard.sv Line: 76
Warning (10230): Verilog HDL assignment warning at pocket_keyboard.sv(295): truncated value with size 32 to match size of target (25) File: /work/fpga/core/pocket_keyboard.sv Line: 295
Warning (10230): Verilog HDL assignment warning at pocket_keyboard.sv(296): truncated value with size 32 to match size of target (25) File: /work/fpga/core/pocket_keyboard.sv Line: 296
Info (10264): Verilog HDL Case Statement information at pocket_keyboard.sv(84): all case item expressions in this case statement are onehot File: /work/fpga/core/pocket_keyboard.sv Line: 84
Info (12128): Elaborating entity "hid_to_ps2" for hierarchy "core_top:ic|pocket_keyboard:u_pocket_keyboard|hid_to_ps2:u_hid_to_ps2" File: /work/fpga/core/pocket_keyboard.sv Line: 164
Info (12128): Elaborating entity "pc98_kbd_ps2" for hierarchy "core_top:ic|pc98_kbd_ps2:u_pc98_kbd_ps2" File: /work/fpga/core/core_top.sv Line: 1476
Info (12128): Elaborating entity "pc98_key_inject" for hierarchy "core_top:ic|pc98_key_inject:u_pc98_key_inject" File: /work/fpga/core/core_top.sv Line: 1521
Info (12128): Elaborating entity "pocket_mouse" for hierarchy "core_top:ic|pocket_mouse:u_pocket_mouse" File: /work/fpga/core/core_top.sv Line: 1538
Warning (10230): Verilog HDL assignment warning at pocket_mouse.sv(92): truncated value with size 32 to match size of target (18) File: /work/fpga/core/pocket_mouse.sv Line: 92
Warning (10230): Verilog HDL assignment warning at pocket_mouse.sv(108): truncated value with size 32 to match size of target (16) File: /work/fpga/core/pocket_mouse.sv Line: 108
Info (12128): Elaborating entity "data_loader" for hierarchy "core_top:ic|data_loader:rom_data_loader" File: /work/fpga/core/core_top.sv Line: 1608
Warning (10230): Verilog HDL assignment warning at data_loader.sv(140): truncated value with size 32 to match size of target (28) File: /work/fpga/core/data_loader.sv Line: 140
Warning (10230): Verilog HDL assignment warning at data_loader.sv(142): truncated value with size 32 to match size of target (3) File: /work/fpga/core/data_loader.sv Line: 142
Info (10264): Verilog HDL Case Statement information at data_loader.sv(129): all case item expressions in this case statement are onehot File: /work/fpga/core/data_loader.sv Line: 129
Warning (10230): Verilog HDL assignment warning at data_loader.sv(169): truncated value with size 32 to match size of target (6) File: /work/fpga/core/data_loader.sv Line: 169
Warning (10230): Verilog HDL assignment warning at data_loader.sv(172): truncated value with size 32 to match size of target (6) File: /work/fpga/core/data_loader.sv Line: 172
Info (12128): Elaborating entity "dcfifo" for hierarchy "core_top:ic|data_loader:rom_data_loader|dcfifo:dcfifo_component" File: /work/fpga/core/data_loader.sv Line: 94
Info (12130): Elaborated megafunction instantiation "core_top:ic|data_loader:rom_data_loader|dcfifo:dcfifo_component" File: /work/fpga/core/data_loader.sv Line: 94
Info (12133): Instantiated megafunction "core_top:ic|data_loader:rom_data_loader|dcfifo:dcfifo_component" with the following parameter: File: /work/fpga/core/data_loader.sv Line: 94
    Info (12134): Parameter "clocks_are_synchronized" = "FALSE"
    Info (12134): Parameter "intended_device_family" = "Cyclone V"
    Info (12134): Parameter "lpm_numwords" = "4"
    Info (12134): Parameter "lpm_showahead" = "OFF"
    Info (12134): Parameter "lpm_type" = "dcfifo"
    Info (12134): Parameter "lpm_width" = "44"
    Info (12134): Parameter "lpm_widthu" = "2"
    Info (12134): Parameter "overflow_checking" = "OFF"
    Info (12134): Parameter "rdsync_delaypipe" = "5"
    Info (12134): Parameter "underflow_checking" = "OFF"
    Info (12134): Parameter "use_eab" = "OFF"
    Info (12134): Parameter "wrsync_delaypipe" = "5"
Info (12021): Found 1 design units, including 1 entities, in source file db/dcfifo_c0p1.tdf
    Info (12023): Found entity 1: dcfifo_c0p1 File: /work/fpga/db/dcfifo_c0p1.tdf Line: 39
Info (12128): Elaborating entity "dcfifo_c0p1" for hierarchy "core_top:ic|data_loader:rom_data_loader|dcfifo:dcfifo_component|dcfifo_c0p1:auto_generated" File: /opt/intelFPGA/quartus/libraries/megafunctions/dcfifo.tdf Line: 191
Info (12021): Found 1 design units, including 1 entities, in source file db/a_graycounter_7g6.tdf
    Info (12023): Found entity 1: a_graycounter_7g6 File: /work/fpga/db/a_graycounter_7g6.tdf Line: 25
Info (12128): Elaborating entity "a_graycounter_7g6" for hierarchy "core_top:ic|data_loader:rom_data_loader|dcfifo:dcfifo_component|dcfifo_c0p1:auto_generated|a_graycounter_7g6:rdptr_g1p" File: /work/fpga/db/dcfifo_c0p1.tdf Line: 51
Info (12021): Found 1 design units, including 1 entities, in source file db/a_graycounter_3ub.tdf
    Info (12023): Found entity 1: a_graycounter_3ub File: /work/fpga/db/a_graycounter_3ub.tdf Line: 25
Info (12128): Elaborating entity "a_graycounter_3ub" for hierarchy "core_top:ic|data_loader:rom_data_loader|dcfifo:dcfifo_component|dcfifo_c0p1:auto_generated|a_graycounter_3ub:wrptr_g1p" File: /work/fpga/db/dcfifo_c0p1.tdf Line: 52
Info (12021): Found 1 design units, including 1 entities, in source file db/altsyncram_o0i1.tdf
    Info (12023): Found entity 1: altsyncram_o0i1 File: /work/fpga/db/altsyncram_o0i1.tdf Line: 29
Info (12128): Elaborating entity "altsyncram_o0i1" for hierarchy "core_top:ic|data_loader:rom_data_loader|dcfifo:dcfifo_component|dcfifo_c0p1:auto_generated|altsyncram_o0i1:fifo_ram" File: /work/fpga/db/dcfifo_c0p1.tdf Line: 53
Info (12021): Found 1 design units, including 1 entities, in source file db/decode_v07.tdf
    Info (12023): Found entity 1: decode_v07 File: /work/fpga/db/decode_v07.tdf Line: 23
Info (12128): Elaborating entity "decode_v07" for hierarchy "core_top:ic|data_loader:rom_data_loader|dcfifo:dcfifo_component|dcfifo_c0p1:auto_generated|altsyncram_o0i1:fifo_ram|decode_v07:address_decoder" File: /work/fpga/db/altsyncram_o0i1.tdf Line: 49
Info (12021): Found 1 design units, including 1 entities, in source file db/mux_vs7.tdf
    Info (12023): Found entity 1: mux_vs7 File: /work/fpga/db/mux_vs7.tdf Line: 23
Info (12128): Elaborating entity "mux_vs7" for hierarchy "core_top:ic|data_loader:rom_data_loader|dcfifo:dcfifo_component|dcfifo_c0p1:auto_generated|altsyncram_o0i1:fifo_ram|mux_vs7:output_mux" File: /work/fpga/db/altsyncram_o0i1.tdf Line: 50
Info (12021): Found 1 design units, including 1 entities, in source file db/alt_synch_pipe_b9l.tdf
    Info (12023): Found entity 1: alt_synch_pipe_b9l File: /work/fpga/db/alt_synch_pipe_b9l.tdf Line: 27
Info (12128): Elaborating entity "alt_synch_pipe_b9l" for hierarchy "core_top:ic|data_loader:rom_data_loader|dcfifo:dcfifo_component|dcfifo_c0p1:auto_generated|alt_synch_pipe_b9l:rs_dgwp" File: /work/fpga/db/dcfifo_c0p1.tdf Line: 72
Info (12021): Found 1 design units, including 1 entities, in source file db/dffpipe_su8.tdf
    Info (12023): Found entity 1: dffpipe_su8 File: /work/fpga/db/dffpipe_su8.tdf Line: 25
Info (12128): Elaborating entity "dffpipe_su8" for hierarchy "core_top:ic|data_loader:rom_data_loader|dcfifo:dcfifo_component|dcfifo_c0p1:auto_generated|alt_synch_pipe_b9l:rs_dgwp|dffpipe_su8:dffpipe7" File: /work/fpga/db/alt_synch_pipe_b9l.tdf Line: 34
Info (12021): Found 1 design units, including 1 entities, in source file db/cmpr_qu5.tdf
    Info (12023): Found entity 1: cmpr_qu5 File: /work/fpga/db/cmpr_qu5.tdf Line: 23
Info (12128): Elaborating entity "cmpr_qu5" for hierarchy "core_top:ic|data_loader:rom_data_loader|dcfifo:dcfifo_component|dcfifo_c0p1:auto_generated|cmpr_qu5:rdempty_eq_comp1_lsb" File: /work/fpga/db/dcfifo_c0p1.tdf Line: 74
Info (12021): Found 1 design units, including 1 entities, in source file db/cmpr_pu5.tdf
    Info (12023): Found entity 1: cmpr_pu5 File: /work/fpga/db/cmpr_pu5.tdf Line: 23
Info (12128): Elaborating entity "cmpr_pu5" for hierarchy "core_top:ic|data_loader:rom_data_loader|dcfifo:dcfifo_component|dcfifo_c0p1:auto_generated|cmpr_pu5:rdempty_eq_comp1_msb" File: /work/fpga/db/dcfifo_c0p1.tdf Line: 75
Info (12021): Found 1 design units, including 1 entities, in source file db/mux_5r7.tdf
    Info (12023): Found entity 1: mux_5r7 File: /work/fpga/db/mux_5r7.tdf Line: 23
Info (12128): Elaborating entity "mux_5r7" for hierarchy "core_top:ic|data_loader:rom_data_loader|dcfifo:dcfifo_component|dcfifo_c0p1:auto_generated|mux_5r7:rdemp_eq_comp_lsb_mux" File: /work/fpga/db/dcfifo_c0p1.tdf Line: 82
Info (12128): Elaborating entity "sdram_selftest_master" for hierarchy "core_top:ic|sdram_selftest_master:u_selftest" File: /work/fpga/core/core_top.sv Line: 2141
Info (12128): Elaborating entity "CHIPSET" for hierarchy "core_top:ic|CHIPSET:u_CHIPSET" File: /work/fpga/core/core_top.sv Line: 2697
Info (12128): Elaborating entity "READY" for hierarchy "core_top:ic|CHIPSET:u_CHIPSET|READY:u_READY" File: /work/fpga/core/chipset/HDL/Chipset.sv Line: 284
Info (12128): Elaborating entity "BUS_ARBITER" for hierarchy "core_top:ic|CHIPSET:u_CHIPSET|BUS_ARBITER:u_BUS_ARBITER" File: /work/fpga/core/chipset/HDL/Chipset.sv Line: 334
Info (12128): Elaborating entity "i8288" for hierarchy "core_top:ic|CHIPSET:u_CHIPSET|BUS_ARBITER:u_BUS_ARBITER|i8288:u_i8288" File: /work/fpga/core/chipset/HDL/Bus_Arbiter.sv Line: 167
Info (12128): Elaborating entity "upd71071" for hierarchy "core_top:ic|CHIPSET:u_CHIPSET|BUS_ARBITER:u_BUS_ARBITER|upd71071:u_upd71071" File: /work/fpga/core/chipset/HDL/Bus_Arbiter.sv Line: 215
Info (12128): Elaborating entity "upd71071_Bus_Control_Logic" for hierarchy "core_top:ic|CHIPSET:u_CHIPSET|BUS_ARBITER:u_BUS_ARBITER|upd71071:u_upd71071|upd71071_Bus_Control_Logic:u_Bus_Control_Logic" File: /work/fpga/core/chipset/HDL/upd71071/HDL/upd71071.sv Line: 110
Info (12128): Elaborating entity "upd71071_Priority_Encoder" for hierarchy "core_top:ic|CHIPSET:u_CHIPSET|BUS_ARBITER:u_BUS_ARBITER|upd71071:u_upd71071|upd71071_Priority_Encoder:u_Priority_Encoder" File: /work/fpga/core/chipset/HDL/upd71071/HDL/upd71071.sv Line: 158
Info (12128): Elaborating entity "upd71071_Address_And_Count_Registers" for hierarchy "core_top:ic|CHIPSET:u_CHIPSET|BUS_ARBITER:u_BUS_ARBITER|upd71071:u_upd71071|upd71071_Address_And_Count_Registers:u_Address_And_Count_Registers" File: /work/fpga/core/chipset/HDL/upd71071/HDL/upd71071.sv Line: 202
Info (12128): Elaborating entity "upd71071_Timing_And_Control" for hierarchy "core_top:ic|CHIPSET:u_CHIPSET|BUS_ARBITER:u_BUS_ARBITER|upd71071:u_upd71071|upd71071_Timing_And_Control:u_Timing_And_Control" File: /work/fpga/core/chipset/HDL/upd71071/HDL/upd71071.sv Line: 267
Warning (10034): Output port "temporary_register" at upd71071_Timing_And_Control.sv(55) has no driver File: /work/fpga/core/chipset/HDL/upd71071/HDL/upd71071_Timing_And_Control.sv Line: 55
Warning (10034): Output port "output_temporary_data" at upd71071_Timing_And_Control.sv(54) has no driver File: /work/fpga/core/chipset/HDL/upd71071/HDL/upd71071_Timing_And_Control.sv Line: 54
Info (12128): Elaborating entity "PERIPHERALS" for hierarchy "core_top:ic|CHIPSET:u_CHIPSET|PERIPHERALS:u_PERIPHERALS" File: /work/fpga/core/chipset/HDL/Chipset.sv Line: 515
Warning (10036): Verilog HDL or VHDL warning at Peripherals.sv(921): object "gdc_m_len" assigned a value but never read File: /work/fpga/core/chipset/HDL/Peripherals.sv Line: 921
Warning (10230): Verilog HDL assignment warning at Peripherals.sv(490): truncated value with size 8 to match size of target (7) File: /work/fpga/core/chipset/HDL/Peripherals.sv Line: 490
Warning (10230): Verilog HDL assignment warning at Peripherals.sv(967): truncated value with size 32 to match size of target (24) File: /work/fpga/core/chipset/HDL/Peripherals.sv Line: 967
Info (10264): Verilog HDL Case Statement information at Peripherals.sv(1941): all case item expressions in this case statement are onehot File: /work/fpga/core/chipset/HDL/Peripherals.sv Line: 1941
Info (12128): Elaborating entity "i8259" for hierarchy "core_top:ic|CHIPSET:u_CHIPSET|PERIPHERALS:u_PERIPHERALS|i8259:u_i8259" File: /work/fpga/core/chipset/HDL/Peripherals.sv Line: 597
Info (12128): Elaborating entity "i8259_Bus_Control_Logic" for hierarchy "core_top:ic|CHIPSET:u_CHIPSET|PERIPHERALS:u_PERIPHERALS|i8259:u_i8259|i8259_Bus_Control_Logic:u_Bus_Control_Logic" File: /work/fpga/core/chipset/HDL/i8259/HDL/i8259.sv Line: 80
Info (12128): Elaborating entity "i8259_Control_Logic" for hierarchy "core_top:ic|CHIPSET:u_CHIPSET|PERIPHERALS:u_PERIPHERALS|i8259:u_i8259|i8259_Control_Logic:u_Control_Logic" File: /work/fpga/core/chipset/HDL/i8259/HDL/i8259.sv Line: 149
Info (12128): Elaborating entity "i8259_Interrupt_Request" for hierarchy "core_top:ic|CHIPSET:u_CHIPSET|PERIPHERALS:u_PERIPHERALS|i8259:u_i8259|i8259_Interrupt_Request:u_Interrupt_Request" File: /work/fpga/core/chipset/HDL/i8259/HDL/i8259.sv Line: 172
Info (12128): Elaborating entity "i8259_Priority_Resolver" for hierarchy "core_top:ic|CHIPSET:u_CHIPSET|PERIPHERALS:u_PERIPHERALS|i8259:u_i8259|i8259_Priority_Resolver:u_Priority_Resolver" File: /work/fpga/core/chipset/HDL/i8259/HDL/i8259.sv Line: 193
Info (12128): Elaborating entity "i8259_In_Service" for hierarchy "core_top:ic|CHIPSET:u_CHIPSET|PERIPHERALS:u_PERIPHERALS|i8259:u_i8259|i8259_In_Service:u_In_Service" File: /work/fpga/core/chipset/HDL/i8259/HDL/i8259.sv Line: 217
Info (12128): Elaborating entity "i8253" for hierarchy "core_top:ic|CHIPSET:u_CHIPSET|PERIPHERALS:u_PERIPHERALS|i8253:u_i8253" File: /work/fpga/core/chipset/HDL/Peripherals.sv Line: 745
Info (12128): Elaborating entity "i8253_Control_Logic" for hierarchy "core_top:ic|CHIPSET:u_CHIPSET|PERIPHERALS:u_PERIPHERALS|i8253:u_i8253|i8253_Control_Logic:u_i8253_Control_Logic" File: /work/fpga/core/chipset/HDL/i8253/HDL/i8253.sv Line: 73
Info (12128): Elaborating entity "i8253_Counter" for hierarchy "core_top:ic|CHIPSET:u_CHIPSET|PERIPHERALS:u_PERIPHERALS|i8253:u_i8253|i8253_Counter:u_i8253_Counter_0" File: /work/fpga/core/chipset/HDL/i8253/HDL/i8253.sv Line: 105
Info (12128): Elaborating entity "i8253_Counter" for hierarchy "core_top:ic|CHIPSET:u_CHIPSET|PERIPHERALS:u_PERIPHERALS|i8253:u_i8253|i8253_Counter:u_i8253_Counter_1" File: /work/fpga/core/chipset/HDL/i8253/HDL/i8253.sv Line: 127
Info (12128): Elaborating entity "ps2_keyboard" for hierarchy "core_top:ic|CHIPSET:u_CHIPSET|PERIPHERALS:u_PERIPHERALS|ps2_keyboard:u_ps2_keyboard" File: /work/fpga/core/chipset/HDL/Peripherals.sv Line: 786
Warning (10240): Verilog HDL Always Construct warning at ps2_keyboard.sv(220): inferring latch(es) for variable "pause_core", which holds its previous value in one or more paths through the always construct File: /work/fpga/core/chipset/HDL/ps2_keyboard/HDL/ps2_keyboard.sv Line: 220
Info (10041): Inferred latch for "pause_core" at ps2_keyboard.sv(220) File: /work/fpga/core/chipset/HDL/ps2_keyboard/HDL/ps2_keyboard.sv Line: 220
Info (12128): Elaborating entity "ps2_keyboard_Byte_Accept" for hierarchy "core_top:ic|CHIPSET:u_CHIPSET|PERIPHERALS:u_PERIPHERALS|ps2_keyboard:u_ps2_keyboard|ps2_keyboard_Byte_Accept:u_Byte_Accept" File: /work/fpga/core/chipset/HDL/ps2_keyboard/HDL/ps2_keyboard.sv Line: 52
Warning (10230): Verilog HDL assignment warning at ps2_keyboard_Byte_Accept.sv(26): truncated value with size 32 to match size of target (16) File: /work/fpga/core/chipset/HDL/ps2_keyboard/HDL/ps2_keyboard_Byte_Accept.sv Line: 26
Info (12128): Elaborating entity "pc98_video_timing" for hierarchy "core_top:ic|CHIPSET:u_CHIPSET|PERIPHERALS:u_PERIPHERALS|pc98_video_timing:u_pc98_timing" File: /work/fpga/core/chipset/HDL/Peripherals.sv Line: 844
Info (12128): Elaborating entity "pc98_gdc" for hierarchy "core_top:ic|CHIPSET:u_CHIPSET|PERIPHERALS:u_PERIPHERALS|pc98_gdc:u_gdc_m" File: /work/fpga/core/chipset/HDL/Peripherals.sv Line: 992
Warning (10036): Verilog HDL or VHDL warning at pc98_gdc.sv(562): object "_unused" assigned a value but never read File: /work/fpga/core/pc98_gdc.sv Line: 562
Info (12128): Elaborating entity "pc98_gdc" for hierarchy "core_top:ic|CHIPSET:u_CHIPSET|PERIPHERALS:u_PERIPHERALS|pc98_gdc:u_gdc_s" File: /work/fpga/core/chipset/HDL/Peripherals.sv Line: 1011
Warning (10036): Verilog HDL or VHDL warning at pc98_gdc.sv(562): object "_unused" assigned a value but never read File: /work/fpga/core/pc98_gdc.sv Line: 562
Info (12128): Elaborating entity "pc98_upd4990" for hierarchy "core_top:ic|CHIPSET:u_CHIPSET|PERIPHERALS:u_PERIPHERALS|pc98_upd4990:u_upd4990" File: /work/fpga/core/chipset/HDL/Peripherals.sv Line: 1125
Warning (10230): Verilog HDL assignment warning at pc98_upd4990.sv(82): truncated value with size 32 to match size of target (6) File: /work/fpga/core/pc98_upd4990.sv Line: 82
Info (12128): Elaborating entity "pc98_kbd8251" for hierarchy "core_top:ic|CHIPSET:u_CHIPSET|PERIPHERALS:u_PERIPHERALS|pc98_kbd8251:u_pc98_kbd8251" File: /work/fpga/core/chipset/HDL/Peripherals.sv Line: 1193
Info (12128): Elaborating entity "pc98_text_render" for hierarchy "core_top:ic|CHIPSET:u_CHIPSET|PERIPHERALS:u_PERIPHERALS|pc98_text_render:u_pc98_text" File: /work/fpga/core/chipset/HDL/Peripherals.sv Line: 1295
Info (12128): Elaborating entity "pc98_gvram_display" for hierarchy "core_top:ic|CHIPSET:u_CHIPSET|PERIPHERALS:u_PERIPHERALS|pc98_gvram_display:u_gvram_disp" File: /work/fpga/core/chipset/HDL/Peripherals.sv Line: 1342
Info (12128): Elaborating entity "pulse_cdc" for hierarchy "core_top:ic|CHIPSET:u_CHIPSET|PERIPHERALS:u_PERIPHERALS|pulse_cdc:u_pc98_rowsync" File: /work/fpga/core/chipset/HDL/Peripherals.sv Line: 1393
Info (12128): Elaborating entity "pc98_gdc_mode2" for hierarchy "core_top:ic|CHIPSET:u_CHIPSET|PERIPHERALS:u_PERIPHERALS|pc98_gdc_mode2:u_gdc_mode2" File: /work/fpga/core/chipset/HDL/Peripherals.sv Line: 1475
Warning (10240): Verilog HDL Always Construct warning at pc98_gdc_mode2.sv(79): inferring latch(es) for variable "mode2", which holds its previous value in one or more paths through the always construct File: /work/fpga/core/pc98_gdc_mode2.sv Line: 79
Info (10041): Inferred latch for "mode2[4]" at pc98_gdc_mode2.sv(79) File: /work/fpga/core/pc98_gdc_mode2.sv Line: 79
Info (10041): Inferred latch for "mode2[5]" at pc98_gdc_mode2.sv(79) File: /work/fpga/core/pc98_gdc_mode2.sv Line: 79
Info (10041): Inferred latch for "mode2[6]" at pc98_gdc_mode2.sv(79) File: /work/fpga/core/pc98_gdc_mode2.sv Line: 79
Info (10041): Inferred latch for "mode2[7]" at pc98_gdc_mode2.sv(79) File: /work/fpga/core/pc98_gdc_mode2.sv Line: 79
Info (12128): Elaborating entity "pc98_grcg" for hierarchy "core_top:ic|CHIPSET:u_CHIPSET|PERIPHERALS:u_PERIPHERALS|pc98_grcg:u_pc98_grcg" File: /work/fpga/core/chipset/HDL/Peripherals.sv Line: 1588
Warning (10036): Verilog HDL or VHDL warning at pc98_grcg.sv(190): object "_unused" assigned a value but never read File: /work/fpga/core/pc98_grcg.sv Line: 190
Info (12128): Elaborating entity "pc98_gdc_mode1" for hierarchy "core_top:ic|CHIPSET:u_CHIPSET|PERIPHERALS:u_PERIPHERALS|pc98_gdc_mode1:u_gdc_mode1" File: /work/fpga/core/chipset/HDL/Peripherals.sv Line: 1602
Info (12128): Elaborating entity "pc98_glyph_rowbuf" for hierarchy "core_top:ic|CHIPSET:u_CHIPSET|PERIPHERALS:u_PERIPHERALS|pc98_glyph_rowbuf:u_pc98_rowbuf" File: /work/fpga/core/chipset/HDL/Peripherals.sv Line: 1625
Info (12128): Elaborating entity "pc98_glyph_addr" for hierarchy "core_top:ic|CHIPSET:u_CHIPSET|PERIPHERALS:u_PERIPHERALS|pc98_glyph_rowbuf:u_pc98_rowbuf|pc98_glyph_addr:u_addr" File: /work/fpga/core/pc98_glyph_rowbuf.sv Line: 127
Info (12128): Elaborating entity "pc98_cgwindow" for hierarchy "core_top:ic|CHIPSET:u_CHIPSET|PERIPHERALS:u_PERIPHERALS|pc98_cgwindow:u_pc98_cgwin" File: /work/fpga/core/chipset/HDL/Peripherals.sv Line: 1749
Warning (10999): Verilog HDL warning at pc98_cgwindow.sv(90): can't infer memory for variable 'win' with attribute '"M10K"'. File: /work/fpga/core/pc98_cgwindow.sv Line: 90
Warning (10036): Verilog HDL or VHDL warning at pc98_cgwindow.sv(229): object "_unused" assigned a value but never read File: /work/fpga/core/pc98_cgwindow.sv Line: 229
Info (12128): Elaborating entity "pc98_font_fetch" for hierarchy "core_top:ic|CHIPSET:u_CHIPSET|PERIPHERALS:u_PERIPHERALS|pc98_font_fetch:u_pc98_cgfetch" File: /work/fpga/core/chipset/HDL/Peripherals.sv Line: 1758
Info (12128): Elaborating entity "pc98_font_ank" for hierarchy "core_top:ic|CHIPSET:u_CHIPSET|PERIPHERALS:u_PERIPHERALS|pc98_font_ank:u_pc98_font" File: /work/fpga/core/chipset/HDL/Peripherals.sv Line: 1777
Info (12128): Elaborating entity "pc98_tvram" for hierarchy "core_top:ic|CHIPSET:u_CHIPSET|PERIPHERALS:u_PERIPHERALS|pc98_tvram:u_tvram" File: /work/fpga/core/chipset/HDL/Peripherals.sv Line: 1845
Info (12128): Elaborating entity "pc98_scsi_rom" for hierarchy "core_top:ic|CHIPSET:u_CHIPSET|PERIPHERALS:u_PERIPHERALS|pc98_scsi_rom:u_pc98_scsi_rom" File: /work/fpga/core/chipset/HDL/Peripherals.sv Line: 1903
Warning (10030): Net "rom.data_a" at pc98_scsi_rom.sv(52) has no driver or initial value, using a default initial value '0' File: /work/fpga/core/pc98_scsi_rom.sv Line: 52
Warning (10030): Net "rom.waddr_a" at pc98_scsi_rom.sv(52) has no driver or initial value, using a default initial value '0' File: /work/fpga/core/pc98_scsi_rom.sv Line: 52
Warning (10030): Net "rom.we_a" at pc98_scsi_rom.sv(52) has no driver or initial value, using a default initial value '0' File: /work/fpga/core/pc98_scsi_rom.sv Line: 52
Info (12128): Elaborating entity "pc98_scsi" for hierarchy "core_top:ic|CHIPSET:u_CHIPSET|PERIPHERALS:u_PERIPHERALS|pc98_scsi:u_pc98_scsi" File: /work/fpga/core/chipset/HDL/Peripherals.sv Line: 1987
Warning (10036): Verilog HDL or VHDL warning at pc98_scsi.sv(93): object "datmap" assigned a value but never read File: /work/fpga/core/pc98_scsi.sv Line: 93
Warning (10036): Verilog HDL or VHDL warning at pc98_scsi.sv(106): object "sel_cc0" assigned a value but never read File: /work/fpga/core/pc98_scsi.sv Line: 106
Warning (10036): Verilog HDL or VHDL warning at pc98_scsi.sv(107): object "sel_cc2" assigned a value but never read File: /work/fpga/core/pc98_scsi.sv Line: 107
Warning (10036): Verilog HDL or VHDL warning at pc98_scsi.sv(108): object "sel_cc4" assigned a value but never read File: /work/fpga/core/pc98_scsi.sv Line: 108
Info (12128): Elaborating entity "pc98_fdc_glue" for hierarchy "core_top:ic|CHIPSET:u_CHIPSET|PERIPHERALS:u_PERIPHERALS|pc98_fdc_glue:u_pc98_fdc_glue" File: /work/fpga/core/chipset/HDL/Peripherals.sv Line: 2237
Warning (10036): Verilog HDL or VHDL warning at pc98_fdc_glue.sv(250): object "ctrlcc_q_2hd" assigned a value but never read File: /work/fpga/core/pc98_fdc_glue.sv Line: 250
Warning (10036): Verilog HDL or VHDL warning at pc98_fdc_glue.sv(250): object "ctrlcc_q_2dd" assigned a value but never read File: /work/fpga/core/pc98_fdc_glue.sv Line: 250
Info (12128): Elaborating entity "floppy" for hierarchy "core_top:ic|CHIPSET:u_CHIPSET|PERIPHERALS:u_PERIPHERALS|floppy:floppy" File: /work/fpga/core/chipset/HDL/Peripherals.sv Line: 2439
Info (12128): Elaborating entity "simple_fifo" for hierarchy "core_top:ic|CHIPSET:u_CHIPSET|PERIPHERALS:u_PERIPHERALS|floppy:floppy|simple_fifo:fifo_to_floppy_inst" File: /work/fpga/core/common/floppy.v Line: 1140
Info (12128): Elaborating entity "pc98_gvram_seq" for hierarchy "core_top:ic|CHIPSET:u_CHIPSET|pc98_gvram_seq:u_gvram_seq" File: /work/fpga/core/chipset/HDL/Chipset.sv Line: 563
Warning (10036): Verilog HDL or VHDL warning at pc98_gvram_seq.sv(151): object "egc_fgc" assigned a value but never read File: /work/fpga/core/pc98_gvram_seq.sv Line: 151
Warning (10036): Verilog HDL or VHDL warning at pc98_gvram_seq.sv(151): object "egc_bgc" assigned a value but never read File: /work/fpga/core/pc98_gvram_seq.sv Line: 151
Warning (10036): Verilog HDL or VHDL warning at pc98_gvram_seq.sv(151): object "egc_patreg" assigned a value but never read File: /work/fpga/core/pc98_gvram_seq.sv Line: 151
Warning (10036): Verilog HDL or VHDL warning at pc98_gvram_seq.sv(151): object "egc_src" assigned a value but never read File: /work/fpga/core/pc98_gvram_seq.sv Line: 151
Warning (10027): Verilog HDL or VHDL warning at the pc98_gvram_seq.sv(202): index expression is not wide enough to address all of the elements in the array File: /work/fpga/core/pc98_gvram_seq.sv Line: 202
Warning (10230): Verilog HDL assignment warning at pc98_sdram_map.svh(82): truncated value with size 19 to match size of target (17) File: /work/fpga/core/pc98_sdram_map.svh Line: 82
Info (12128): Elaborating entity "pc98_egc" for hierarchy "core_top:ic|CHIPSET:u_CHIPSET|pc98_gvram_seq:u_gvram_seq|pc98_egc:u_egc" File: /work/fpga/core/pc98_gvram_seq.sv Line: 169
Warning (10036): Verilog HDL or VHDL warning at pc98_egc.sv(201): object "_unused" assigned a value but never read File: /work/fpga/core/pc98_egc.sv Line: 201
Info (12128): Elaborating entity "RAM" for hierarchy "core_top:ic|CHIPSET:u_CHIPSET|RAM:u_RAM" File: /work/fpga/core/chipset/HDL/Chipset.sv Line: 634
Warning (10036): Verilog HDL or VHDL warning at RAM.sv(231): object "_unused_word" assigned a value but never read File: /work/fpga/core/chipset/HDL/RAM.sv Line: 231
Warning (10230): Verilog HDL assignment warning at RAM.sv(166): truncated value with size 25 to match size of target (23) File: /work/fpga/core/chipset/HDL/RAM.sv Line: 166
Warning (10230): Verilog HDL assignment warning at RAM.sv(406): truncated value with size 29 to match size of target (25) File: /work/fpga/core/chipset/HDL/RAM.sv Line: 406
Warning (10230): Verilog HDL assignment warning at RAM.sv(416): truncated value with size 29 to match size of target (25) File: /work/fpga/core/chipset/HDL/RAM.sv Line: 416
Warning (10230): Verilog HDL assignment warning at RAM.sv(426): truncated value with size 29 to match size of target (25) File: /work/fpga/core/chipset/HDL/RAM.sv Line: 426
Warning (10230): Verilog HDL assignment warning at RAM.sv(436): truncated value with size 29 to match size of target (25) File: /work/fpga/core/chipset/HDL/RAM.sv Line: 436
Warning (10230): Verilog HDL assignment warning at RAM.sv(446): truncated value with size 29 to match size of target (25) File: /work/fpga/core/chipset/HDL/RAM.sv Line: 446
Warning (10230): Verilog HDL assignment warning at RAM.sv(500): truncated value with size 32 to match size of target (8) File: /work/fpga/core/chipset/HDL/RAM.sv Line: 500
Warning (10230): Verilog HDL assignment warning at RAM.sv(503): truncated value with size 32 to match size of target (8) File: /work/fpga/core/chipset/HDL/RAM.sv Line: 503
Warning (10230): Verilog HDL assignment warning at RAM.sv(532): truncated value with size 32 to match size of target (2) File: /work/fpga/core/chipset/HDL/RAM.sv Line: 532
Warning (10230): Verilog HDL assignment warning at RAM.sv(543): truncated value with size 32 to match size of target (2) File: /work/fpga/core/chipset/HDL/RAM.sv Line: 543
Info (12128): Elaborating entity "sdram_shim" for hierarchy "core_top:ic|CHIPSET:u_CHIPSET|RAM:u_RAM|sdram_shim:u_sdram_single" File: /work/fpga/core/chipset/HDL/RAM.sv Line: 292
Warning (10036): Verilog HDL or VHDL warning at sdram_shim.sv(173): object "_unused_refresh" assigned a value but never read File: /work/fpga/core/sdram_shim.sv Line: 173
Warning (10036): Verilog HDL or VHDL warning at sdram_shim.sv(485): object "_unused_init_done" assigned a value but never read File: /work/fpga/core/sdram_shim.sv Line: 485
Info (12128): Elaborating entity "sdram_mp" for hierarchy "core_top:ic|CHIPSET:u_CHIPSET|RAM:u_RAM|sdram_shim:u_sdram_single|sdram_mp:u_mp" File: /work/fpga/core/sdram_shim.sv Line: 483
Info (12128): Elaborating entity "v30_cpu_bridge" for hierarchy "core_top:ic|v30_cpu_bridge:u_v30_bridge" File: /work/fpga/core/core_top.sv Line: 2781
Warning (10036): Verilog HDL or VHDL warning at v30_cpu_bridge.sv(350): object "cur_data" assigned a value but never read File: /work/fpga/core/v30_cpu_bridge.sv Line: 350
Info (12128): Elaborating entity "v30_core" for hierarchy "core_top:ic|v30_core:u_cpu" File: /work/fpga/core/core_top.sv Line: 2811
Info (12128): Elaborating entity "v30u_biu" for hierarchy "core_top:ic|v30_core:u_cpu|v30u_biu:u_biu" File: /work/fpga/core/v30/v30_core.sv Line: 408
Warning (10036): Verilog HDL or VHDL warning at v30u_biu.sv(1343): object "i" assigned a value but never read File: /work/fpga/core/v30/v30u_biu.sv Line: 1343
Warning (10036): Verilog HDL or VHDL warning at v30u_biu.sv(1344): object "lfa_need" assigned a value but never read File: /work/fpga/core/v30/v30u_biu.sv Line: 1344
Warning (10036): Verilog HDL or VHDL warning at v30u_biu.sv(1345): object "lfa_p" assigned a value but never read File: /work/fpga/core/v30/v30u_biu.sv Line: 1345
Warning (10036): Verilog HDL or VHDL warning at v30u_biu.sv(1346): object "lfa_a" assigned a value but never read File: /work/fpga/core/v30/v30u_biu.sv Line: 1346
Warning (10036): Verilog HDL or VHDL warning at v30u_biu.sv(1359): object "rq_n_pre" assigned a value but never read File: /work/fpga/core/v30/v30u_biu.sv Line: 1359
Warning (10036): Verilog HDL or VHDL warning at v30u_biu.sv(3000): object "_unused" assigned a value but never read File: /work/fpga/core/v30/v30u_biu.sv Line: 3000
Info (12128): Elaborating entity "v30u_eu" for hierarchy "core_top:ic|v30_core:u_cpu|v30u_eu:u_eu" File: /work/fpga/core/v30/v30_core.sv Line: 488
Warning (10036): Verilog HDL or VHDL warning at v30u_eu.sv(711): object "row_phys" assigned a value but never read File: /work/fpga/core/v30/v30u_eu.sv Line: 711
Warning (10036): Verilog HDL or VHDL warning at v30u_eu.sv(740): object "nr_extra_block" assigned a value but never read File: /work/fpga/core/v30/v30u_eu.sv Line: 740
Warning (10036): Verilog HDL or VHDL warning at v30u_eu.sv(1137): object "tmps_lat" assigned a value but never read File: /work/fpga/core/v30/v30u_eu.sv Line: 1137
Warning (10036): Verilog HDL or VHDL warning at v30u_eu.sv(2263): object "pend_go" assigned a value but never read File: /work/fpga/core/v30/v30u_eu.sv Line: 2263
Warning (10036): Verilog HDL or VHDL warning at v30u_eu.sv(4131): object "_unused_eu" assigned a value but never read File: /work/fpga/core/v30/v30u_eu.sv Line: 4131
Info (12128): Elaborating entity "v30u_ucrom" for hierarchy "core_top:ic|v30_core:u_cpu|v30u_eu:u_eu|v30u_ucrom:u_ucrom" File: /work/fpga/core/v30/v30u_eu.sv Line: 607
Warning (10230): Verilog HDL assignment warning at ucrom.hex(1): truncated value with size 32 to match size of target (29) File: /work/fpga/rtl/ucore/ucrom.hex Line: 1
Warning (10230): Verilog HDL assignment warning at ucrom.hex(2): truncated value with size 32 to match size of target (29) File: /work/fpga/rtl/ucore/ucrom.hex Line: 2
Warning (10230): Verilog HDL assignment warning at ucrom.hex(3): truncated value with size 32 to match size of target (29) File: /work/fpga/rtl/ucore/ucrom.hex Line: 3
Warning (10230): Verilog HDL assignment warning at ucrom.hex(4): truncated value with size 32 to match size of target (29) File: /work/fpga/rtl/ucore/ucrom.hex Line: 4
Warning (10230): Verilog HDL assignment warning at ucrom.hex(5): truncated value with size 32 to match size of target (29) File: /work/fpga/rtl/ucore/ucrom.hex Line: 5
Warning (10230): Verilog HDL assignment warning at ucrom.hex(6): truncated value with size 32 to match size of target (29) File: /work/fpga/rtl/ucore/ucrom.hex Line: 6
Warning (10230): Verilog HDL assignment warning at ucrom.hex(7): truncated value with size 32 to match size of target (29) File: /work/fpga/rtl/ucore/ucrom.hex Line: 7
Warning (10230): Verilog HDL assignment warning at ucrom.hex(8): truncated value with size 32 to match size of target (29) File: /work/fpga/rtl/ucore/ucrom.hex Line: 8
Warning (10230): Verilog HDL assignment warning at ucrom.hex(9): truncated value with size 32 to match size of target (29) File: /work/fpga/rtl/ucore/ucrom.hex Line: 9
Warning (10230): Verilog HDL assignment warning at ucrom.hex(10): truncated value with size 32 to match size of target (29) File: /work/fpga/rtl/ucore/ucrom.hex Line: 10
Warning (10230): Verilog HDL assignment warning at ucrom.hex(11): truncated value with size 32 to match size of target (29) File: /work/fpga/rtl/ucore/ucrom.hex Line: 11
Warning (10230): Verilog HDL assignment warning at ucrom.hex(12): truncated value with size 32 to match size of target (29) File: /work/fpga/rtl/ucore/ucrom.hex Line: 12
Warning (10230): Verilog HDL assignment warning at ucrom.hex(13): truncated value with size 32 to match size of target (29) File: /work/fpga/rtl/ucore/ucrom.hex Line: 13
Warning (10230): Verilog HDL assignment warning at ucrom.hex(14): truncated value with size 32 to match size of target (29) File: /work/fpga/rtl/ucore/ucrom.hex Line: 14
Warning (10230): Verilog HDL assignment warning at ucrom.hex(15): truncated value with size 32 to match size of target (29) File: /work/fpga/rtl/ucore/ucrom.hex Line: 15
Warning (10230): Verilog HDL assignment warning at ucrom.hex(16): truncated value with size 32 to match size of target (29) File: /work/fpga/rtl/ucore/ucrom.hex Line: 16
Warning (10230): Verilog HDL assignment warning at ucrom.hex(17): truncated value with size 32 to match size of target (29) File: /work/fpga/rtl/ucore/ucrom.hex Line: 17
Warning (10230): Verilog HDL assignment warning at ucrom.hex(18): truncated value with size 32 to match size of target (29) File: /work/fpga/rtl/ucore/ucrom.hex Line: 18
Warning (10230): Verilog HDL assignment warning at ucrom.hex(19): truncated value with size 32 to match size of target (29) File: /work/fpga/rtl/ucore/ucrom.hex Line: 19
Warning (10230): Verilog HDL assignment warning at ucrom.hex(20): truncated value with size 32 to match size of target (29) File: /work/fpga/rtl/ucore/ucrom.hex Line: 20
Warning (10230): Verilog HDL assignment warning at ucrom.hex(21): truncated value with size 32 to match size of target (29) File: /work/fpga/rtl/ucore/ucrom.hex Line: 21
Warning (10230): Verilog HDL assignment warning at ucrom.hex(22): truncated value with size 32 to match size of target (29) File: /work/fpga/rtl/ucore/ucrom.hex Line: 22
Warning (10230): Verilog HDL assignment warning at ucrom.hex(23): truncated value with size 32 to match size of target (29) File: /work/fpga/rtl/ucore/ucrom.hex Line: 23
Warning (10230): Verilog HDL assignment warning at ucrom.hex(24): truncated value with size 32 to match size of target (29) File: /work/fpga/rtl/ucore/ucrom.hex Line: 24
Warning (10230): Verilog HDL assignment warning at ucrom.hex(25): truncated value with size 32 to match size of target (29) File: /work/fpga/rtl/ucore/ucrom.hex Line: 25
Warning (10230): Verilog HDL assignment warning at ucrom.hex(26): truncated value with size 32 to match size of target (29) File: /work/fpga/rtl/ucore/ucrom.hex Line: 26
Warning (10230): Verilog HDL assignment warning at ucrom.hex(27): truncated value with size 32 to match size of target (29) File: /work/fpga/rtl/ucore/ucrom.hex Line: 27
Warning (10230): Verilog HDL assignment warning at ucrom.hex(28): truncated value with size 32 to match size of target (29) File: /work/fpga/rtl/ucore/ucrom.hex Line: 28
Warning (10230): Verilog HDL assignment warning at ucrom.hex(29): truncated value with size 32 to match size of target (29) File: /work/fpga/rtl/ucore/ucrom.hex Line: 29
Warning (10230): Verilog HDL assignment warning at ucrom.hex(30): truncated value with size 32 to match size of target (29) File: /work/fpga/rtl/ucore/ucrom.hex Line: 30
Warning (10230): Verilog HDL assignment warning at ucrom.hex(31): truncated value with size 32 to match size of target (29) File: /work/fpga/rtl/ucore/ucrom.hex Line: 31
Warning (10230): Verilog HDL assignment warning at ucrom.hex(32): truncated value with size 32 to match size of target (29) File: /work/fpga/rtl/ucore/ucrom.hex Line: 32
Warning (10230): Verilog HDL assignment warning at ucrom.hex(33): truncated value with size 32 to match size of target (29) File: /work/fpga/rtl/ucore/ucrom.hex Line: 33
Warning (10230): Verilog HDL assignment warning at ucrom.hex(34): truncated value with size 32 to match size of target (29) File: /work/fpga/rtl/ucore/ucrom.hex Line: 34
Warning (10230): Verilog HDL assignment warning at ucrom.hex(35): truncated value with size 32 to match size of target (29) File: /work/fpga/rtl/ucore/ucrom.hex Line: 35
Warning (10230): Verilog HDL assignment warning at ucrom.hex(36): truncated value with size 32 to match size of target (29) File: /work/fpga/rtl/ucore/ucrom.hex Line: 36
Warning (10230): Verilog HDL assignment warning at ucrom.hex(37): truncated value with size 32 to match size of target (29) File: /work/fpga/rtl/ucore/ucrom.hex Line: 37
Warning (10230): Verilog HDL assignment warning at ucrom.hex(38): truncated value with size 32 to match size of target (29) File: /work/fpga/rtl/ucore/ucrom.hex Line: 38
Warning (10230): Verilog HDL assignment warning at ucrom.hex(39): truncated value with size 32 to match size of target (29) File: /work/fpga/rtl/ucore/ucrom.hex Line: 39
Warning (10230): Verilog HDL assignment warning at ucrom.hex(40): truncated value with size 32 to match size of target (29) File: /work/fpga/rtl/ucore/ucrom.hex Line: 40
Warning (10230): Verilog HDL assignment warning at ucrom.hex(41): truncated value with size 32 to match size of target (29) File: /work/fpga/rtl/ucore/ucrom.hex Line: 41
Warning (10230): Verilog HDL assignment warning at ucrom.hex(42): truncated value with size 32 to match size of target (29) File: /work/fpga/rtl/ucore/ucrom.hex Line: 42
Warning (10230): Verilog HDL assignment warning at ucrom.hex(43): truncated value with size 32 to match size of target (29) File: /work/fpga/rtl/ucore/ucrom.hex Line: 43
Warning (10230): Verilog HDL assignment warning at ucrom.hex(44): truncated value with size 32 to match size of target (29) File: /work/fpga/rtl/ucore/ucrom.hex Line: 44
Warning (10230): Verilog HDL assignment warning at ucrom.hex(45): truncated value with size 32 to match size of target (29) File: /work/fpga/rtl/ucore/ucrom.hex Line: 45
Warning (10230): Verilog HDL assignment warning at ucrom.hex(46): truncated value with size 32 to match size of target (29) File: /work/fpga/rtl/ucore/ucrom.hex Line: 46
Warning (10230): Verilog HDL assignment warning at ucrom.hex(47): truncated value with size 32 to match size of target (29) File: /work/fpga/rtl/ucore/ucrom.hex Line: 47
Warning (10230): Verilog HDL assignment warning at ucrom.hex(48): truncated value with size 32 to match size of target (29) File: /work/fpga/rtl/ucore/ucrom.hex Line: 48
Warning (10230): Verilog HDL assignment warning at ucrom.hex(49): truncated value with size 32 to match size of target (29) File: /work/fpga/rtl/ucore/ucrom.hex Line: 49
Warning (10230): Verilog HDL assignment warning at ucrom.hex(50): truncated value with size 32 to match size of target (29) File: /work/fpga/rtl/ucore/ucrom.hex Line: 50
Warning (10230): Verilog HDL assignment warning at ucrom.hex(51): truncated value with size 32 to match size of target (29) File: /work/fpga/rtl/ucore/ucrom.hex Line: 51
Warning (10230): Verilog HDL assignment warning at ucrom.hex(52): truncated value with size 32 to match size of target (29) File: /work/fpga/rtl/ucore/ucrom.hex Line: 52
Warning (10230): Verilog HDL assignment warning at ucrom.hex(53): truncated value with size 32 to match size of target (29) File: /work/fpga/rtl/ucore/ucrom.hex Line: 53
Warning (10230): Verilog HDL assignment warning at ucrom.hex(54): truncated value with size 32 to match size of target (29) File: /work/fpga/rtl/ucore/ucrom.hex Line: 54
Warning (10230): Verilog HDL assignment warning at ucrom.hex(55): truncated value with size 32 to match size of target (29) File: /work/fpga/rtl/ucore/ucrom.hex Line: 55
Warning (10230): Verilog HDL assignment warning at ucrom.hex(56): truncated value with size 32 to match size of target (29) File: /work/fpga/rtl/ucore/ucrom.hex Line: 56
Warning (10230): Verilog HDL assignment warning at ucrom.hex(57): truncated value with size 32 to match size of target (29) File: /work/fpga/rtl/ucore/ucrom.hex Line: 57
Warning (10230): Verilog HDL assignment warning at ucrom.hex(58): truncated value with size 32 to match size of target (29) File: /work/fpga/rtl/ucore/ucrom.hex Line: 58
Warning (10230): Verilog HDL assignment warning at ucrom.hex(59): truncated value with size 32 to match size of target (29) File: /work/fpga/rtl/ucore/ucrom.hex Line: 59
Warning (10230): Verilog HDL assignment warning at ucrom.hex(60): truncated value with size 32 to match size of target (29) File: /work/fpga/rtl/ucore/ucrom.hex Line: 60
Warning (10230): Verilog HDL assignment warning at ucrom.hex(61): truncated value with size 32 to match size of target (29) File: /work/fpga/rtl/ucore/ucrom.hex Line: 61
Warning (10230): Verilog HDL assignment warning at ucrom.hex(62): truncated value with size 32 to match size of target (29) File: /work/fpga/rtl/ucore/ucrom.hex Line: 62
Warning (10230): Verilog HDL assignment warning at ucrom.hex(63): truncated value with size 32 to match size of target (29) File: /work/fpga/rtl/ucore/ucrom.hex Line: 63
Warning (10230): Verilog HDL assignment warning at ucrom.hex(64): truncated value with size 32 to match size of target (29) File: /work/fpga/rtl/ucore/ucrom.hex Line: 64
Warning (10230): Verilog HDL assignment warning at ucrom.hex(65): truncated value with size 32 to match size of target (29) File: /work/fpga/rtl/ucore/ucrom.hex Line: 65
Warning (10230): Verilog HDL assignment warning at ucrom.hex(66): truncated value with size 32 to match size of target (29) File: /work/fpga/rtl/ucore/ucrom.hex Line: 66
Warning (10230): Verilog HDL assignment warning at ucrom.hex(67): truncated value with size 32 to match size of target (29) File: /work/fpga/rtl/ucore/ucrom.hex Line: 67
Warning (10230): Verilog HDL assignment warning at ucrom.hex(68): truncated value with size 32 to match size of target (29) File: /work/fpga/rtl/ucore/ucrom.hex Line: 68
Warning (10230): Verilog HDL assignment warning at ucrom.hex(69): truncated value with size 32 to match size of target (29) File: /work/fpga/rtl/ucore/ucrom.hex Line: 69
Warning (10230): Verilog HDL assignment warning at ucrom.hex(70): truncated value with size 32 to match size of target (29) File: /work/fpga/rtl/ucore/ucrom.hex Line: 70
Warning (10230): Verilog HDL assignment warning at ucrom.hex(71): truncated value with size 32 to match size of target (29) File: /work/fpga/rtl/ucore/ucrom.hex Line: 71
Warning (10230): Verilog HDL assignment warning at ucrom.hex(72): truncated value with size 32 to match size of target (29) File: /work/fpga/rtl/ucore/ucrom.hex Line: 72
Warning (10230): Verilog HDL assignment warning at ucrom.hex(73): truncated value with size 32 to match size of target (29) File: /work/fpga/rtl/ucore/ucrom.hex Line: 73
Warning (10230): Verilog HDL assignment warning at ucrom.hex(74): truncated value with size 32 to match size of target (29) File: /work/fpga/rtl/ucore/ucrom.hex Line: 74
Warning (10230): Verilog HDL assignment warning at ucrom.hex(75): truncated value with size 32 to match size of target (29) File: /work/fpga/rtl/ucore/ucrom.hex Line: 75
Warning (10230): Verilog HDL assignment warning at ucrom.hex(76): truncated value with size 32 to match size of target (29) File: /work/fpga/rtl/ucore/ucrom.hex Line: 76
Warning (10230): Verilog HDL assignment warning at ucrom.hex(77): truncated value with size 32 to match size of target (29) File: /work/fpga/rtl/ucore/ucrom.hex Line: 77
Warning (10230): Verilog HDL assignment warning at ucrom.hex(78): truncated value with size 32 to match size of target (29) File: /work/fpga/rtl/ucore/ucrom.hex Line: 78
Warning (10230): Verilog HDL assignment warning at ucrom.hex(79): truncated value with size 32 to match size of target (29) File: /work/fpga/rtl/ucore/ucrom.hex Line: 79
Warning (10230): Verilog HDL assignment warning at ucrom.hex(80): truncated value with size 32 to match size of target (29) File: /work/fpga/rtl/ucore/ucrom.hex Line: 80
Warning (10230): Verilog HDL assignment warning at ucrom.hex(81): truncated value with size 32 to match size of target (29) File: /work/fpga/rtl/ucore/ucrom.hex Line: 81
Warning (10230): Verilog HDL assignment warning at ucrom.hex(82): truncated value with size 32 to match size of target (29) File: /work/fpga/rtl/ucore/ucrom.hex Line: 82
Warning (10230): Verilog HDL assignment warning at ucrom.hex(83): truncated value with size 32 to match size of target (29) File: /work/fpga/rtl/ucore/ucrom.hex Line: 83
Warning (10230): Verilog HDL assignment warning at ucrom.hex(84): truncated value with size 32 to match size of target (29) File: /work/fpga/rtl/ucore/ucrom.hex Line: 84
Warning (10230): Verilog HDL assignment warning at ucrom.hex(85): truncated value with size 32 to match size of target (29) File: /work/fpga/rtl/ucore/ucrom.hex Line: 85
Warning (10230): Verilog HDL assignment warning at ucrom.hex(86): truncated value with size 32 to match size of target (29) File: /work/fpga/rtl/ucore/ucrom.hex Line: 86
Warning (10230): Verilog HDL assignment warning at ucrom.hex(87): truncated value with size 32 to match size of target (29) File: /work/fpga/rtl/ucore/ucrom.hex Line: 87
Warning (10230): Verilog HDL assignment warning at ucrom.hex(88): truncated value with size 32 to match size of target (29) File: /work/fpga/rtl/ucore/ucrom.hex Line: 88
Warning (10230): Verilog HDL assignment warning at ucrom.hex(89): truncated value with size 32 to match size of target (29) File: /work/fpga/rtl/ucore/ucrom.hex Line: 89
Warning (10230): Verilog HDL assignment warning at ucrom.hex(90): truncated value with size 32 to match size of target (29) File: /work/fpga/rtl/ucore/ucrom.hex Line: 90
Warning (10230): Verilog HDL assignment warning at ucrom.hex(91): truncated value with size 32 to match size of target (29) File: /work/fpga/rtl/ucore/ucrom.hex Line: 91
Warning (10230): Verilog HDL assignment warning at ucrom.hex(92): truncated value with size 32 to match size of target (29) File: /work/fpga/rtl/ucore/ucrom.hex Line: 92
Warning (10230): Verilog HDL assignment warning at ucrom.hex(93): truncated value with size 32 to match size of target (29) File: /work/fpga/rtl/ucore/ucrom.hex Line: 93
Warning (10230): Verilog HDL assignment warning at ucrom.hex(94): truncated value with size 32 to match size of target (29) File: /work/fpga/rtl/ucore/ucrom.hex Line: 94
Warning (10230): Verilog HDL assignment warning at ucrom.hex(95): truncated value with size 32 to match size of target (29) File: /work/fpga/rtl/ucore/ucrom.hex Line: 95
Warning (10230): Verilog HDL assignment warning at ucrom.hex(96): truncated value with size 32 to match size of target (29) File: /work/fpga/rtl/ucore/ucrom.hex Line: 96
Warning (10230): Verilog HDL assignment warning at ucrom.hex(97): truncated value with size 32 to match size of target (29) File: /work/fpga/rtl/ucore/ucrom.hex Line: 97
Warning (10230): Verilog HDL assignment warning at ucrom.hex(98): truncated value with size 32 to match size of target (29) File: /work/fpga/rtl/ucore/ucrom.hex Line: 98
Warning (10230): Verilog HDL assignment warning at ucrom.hex(99): truncated value with size 32 to match size of target (29) File: /work/fpga/rtl/ucore/ucrom.hex Line: 99
Warning (10230): Verilog HDL assignment warning at ucrom.hex(100): truncated value with size 32 to match size of target (29) File: /work/fpga/rtl/ucore/ucrom.hex Line: 100
Warning (10230): Verilog HDL assignment warning at ucrom.hex(101): truncated value with size 32 to match size of target (29) File: /work/fpga/rtl/ucore/ucrom.hex Line: 101
Warning (10230): Verilog HDL assignment warning at ucrom.hex(102): truncated value with size 32 to match size of target (29) File: /work/fpga/rtl/ucore/ucrom.hex Line: 102
Warning (10230): Verilog HDL assignment warning at ucrom.hex(103): truncated value with size 32 to match size of target (29) File: /work/fpga/rtl/ucore/ucrom.hex Line: 103
Warning (10230): Verilog HDL assignment warning at ucrom.hex(104): truncated value with size 32 to match size of target (29) File: /work/fpga/rtl/ucore/ucrom.hex Line: 104
Warning (10230): Verilog HDL assignment warning at ucrom.hex(105): truncated value with size 32 to match size of target (29) File: /work/fpga/rtl/ucore/ucrom.hex Line: 105
Warning (10230): Verilog HDL assignment warning at ucrom.hex(106): truncated value with size 32 to match size of target (29) File: /work/fpga/rtl/ucore/ucrom.hex Line: 106
Warning (10230): Verilog HDL assignment warning at ucrom.hex(107): truncated value with size 32 to match size of target (29) File: /work/fpga/rtl/ucore/ucrom.hex Line: 107
Warning (10230): Verilog HDL assignment warning at ucrom.hex(108): truncated value with size 32 to match size of target (29) File: /work/fpga/rtl/ucore/ucrom.hex Line: 108
Warning (10230): Verilog HDL assignment warning at ucrom.hex(109): truncated value with size 32 to match size of target (29) File: /work/fpga/rtl/ucore/ucrom.hex Line: 109
Warning (10230): Verilog HDL assignment warning at ucrom.hex(110): truncated value with size 32 to match size of target (29) File: /work/fpga/rtl/ucore/ucrom.hex Line: 110
Warning (10230): Verilog HDL assignment warning at ucrom.hex(111): truncated value with size 32 to match size of target (29) File: /work/fpga/rtl/ucore/ucrom.hex Line: 111
Warning (10230): Verilog HDL assignment warning at ucrom.hex(112): truncated value with size 32 to match size of target (29) File: /work/fpga/rtl/ucore/ucrom.hex Line: 112
Warning (10230): Verilog HDL assignment warning at ucrom.hex(113): truncated value with size 32 to match size of target (29) File: /work/fpga/rtl/ucore/ucrom.hex Line: 113
Warning (10230): Verilog HDL assignment warning at ucrom.hex(114): truncated value with size 32 to match size of target (29) File: /work/fpga/rtl/ucore/ucrom.hex Line: 114
Warning (10230): Verilog HDL assignment warning at ucrom.hex(115): truncated value with size 32 to match size of target (29) File: /work/fpga/rtl/ucore/ucrom.hex Line: 115
Warning (10230): Verilog HDL assignment warning at ucrom.hex(116): truncated value with size 32 to match size of target (29) File: /work/fpga/rtl/ucore/ucrom.hex Line: 116
Warning (10230): Verilog HDL assignment warning at ucrom.hex(117): truncated value with size 32 to match size of target (29) File: /work/fpga/rtl/ucore/ucrom.hex Line: 117
Warning (10230): Verilog HDL assignment warning at ucrom.hex(118): truncated value with size 32 to match size of target (29) File: /work/fpga/rtl/ucore/ucrom.hex Line: 118
Warning (10230): Verilog HDL assignment warning at ucrom.hex(119): truncated value with size 32 to match size of target (29) File: /work/fpga/rtl/ucore/ucrom.hex Line: 119
Warning (10230): Verilog HDL assignment warning at ucrom.hex(120): truncated value with size 32 to match size of target (29) File: /work/fpga/rtl/ucore/ucrom.hex Line: 120
Warning (10230): Verilog HDL assignment warning at ucrom.hex(121): truncated value with size 32 to match size of target (29) File: /work/fpga/rtl/ucore/ucrom.hex Line: 121
Warning (10230): Verilog HDL assignment warning at ucrom.hex(122): truncated value with size 32 to match size of target (29) File: /work/fpga/rtl/ucore/ucrom.hex Line: 122
Warning (10230): Verilog HDL assignment warning at ucrom.hex(123): truncated value with size 32 to match size of target (29) File: /work/fpga/rtl/ucore/ucrom.hex Line: 123
Warning (10230): Verilog HDL assignment warning at ucrom.hex(124): truncated value with size 32 to match size of target (29) File: /work/fpga/rtl/ucore/ucrom.hex Line: 124
Warning (10230): Verilog HDL assignment warning at ucrom.hex(125): truncated value with size 32 to match size of target (29) File: /work/fpga/rtl/ucore/ucrom.hex Line: 125
Warning (10230): Verilog HDL assignment warning at ucrom.hex(126): truncated value with size 32 to match size of target (29) File: /work/fpga/rtl/ucore/ucrom.hex Line: 126
Warning (10230): Verilog HDL assignment warning at ucrom.hex(127): truncated value with size 32 to match size of target (29) File: /work/fpga/rtl/ucore/ucrom.hex Line: 127
Warning (10230): Verilog HDL assignment warning at ucrom.hex(128): truncated value with size 32 to match size of target (29) File: /work/fpga/rtl/ucore/ucrom.hex Line: 128
Warning (10230): Verilog HDL assignment warning at ucrom.hex(129): truncated value with size 32 to match size of target (29) File: /work/fpga/rtl/ucore/ucrom.hex Line: 129
Warning (10230): Verilog HDL assignment warning at ucrom.hex(130): truncated value with size 32 to match size of target (29) File: /work/fpga/rtl/ucore/ucrom.hex Line: 130
Warning (10230): Verilog HDL assignment warning at ucrom.hex(131): truncated value with size 32 to match size of target (29) File: /work/fpga/rtl/ucore/ucrom.hex Line: 131
Warning (10230): Verilog HDL assignment warning at ucrom.hex(132): truncated value with size 32 to match size of target (29) File: /work/fpga/rtl/ucore/ucrom.hex Line: 132
Warning (10230): Verilog HDL assignment warning at ucrom.hex(133): truncated value with size 32 to match size of target (29) File: /work/fpga/rtl/ucore/ucrom.hex Line: 133
Warning (10230): Verilog HDL assignment warning at ucrom.hex(134): truncated value with size 32 to match size of target (29) File: /work/fpga/rtl/ucore/ucrom.hex Line: 134
Warning (10230): Verilog HDL assignment warning at ucrom.hex(135): truncated value with size 32 to match size of target (29) File: /work/fpga/rtl/ucore/ucrom.hex Line: 135
Warning (10230): Verilog HDL assignment warning at ucrom.hex(136): truncated value with size 32 to match size of target (29) File: /work/fpga/rtl/ucore/ucrom.hex Line: 136
Warning (10230): Verilog HDL assignment warning at ucrom.hex(137): truncated value with size 32 to match size of target (29) File: /work/fpga/rtl/ucore/ucrom.hex Line: 137
Warning (10230): Verilog HDL assignment warning at ucrom.hex(138): truncated value with size 32 to match size of target (29) File: /work/fpga/rtl/ucore/ucrom.hex Line: 138
Warning (10230): Verilog HDL assignment warning at ucrom.hex(139): truncated value with size 32 to match size of target (29) File: /work/fpga/rtl/ucore/ucrom.hex Line: 139
Warning (10230): Verilog HDL assignment warning at ucrom.hex(140): truncated value with size 32 to match size of target (29) File: /work/fpga/rtl/ucore/ucrom.hex Line: 140
Warning (10230): Verilog HDL assignment warning at ucrom.hex(141): truncated value with size 32 to match size of target (29) File: /work/fpga/rtl/ucore/ucrom.hex Line: 141
Warning (10230): Verilog HDL assignment warning at ucrom.hex(142): truncated value with size 32 to match size of target (29) File: /work/fpga/rtl/ucore/ucrom.hex Line: 142
Warning (10230): Verilog HDL assignment warning at ucrom.hex(143): truncated value with size 32 to match size of target (29) File: /work/fpga/rtl/ucore/ucrom.hex Line: 143
Warning (10230): Verilog HDL assignment warning at ucrom.hex(144): truncated value with size 32 to match size of target (29) File: /work/fpga/rtl/ucore/ucrom.hex Line: 144
Warning (10230): Verilog HDL assignment warning at ucrom.hex(145): truncated value with size 32 to match size of target (29) File: /work/fpga/rtl/ucore/ucrom.hex Line: 145
Warning (10230): Verilog HDL assignment warning at ucrom.hex(146): truncated value with size 32 to match size of target (29) File: /work/fpga/rtl/ucore/ucrom.hex Line: 146
Warning (10230): Verilog HDL assignment warning at ucrom.hex(147): truncated value with size 32 to match size of target (29) File: /work/fpga/rtl/ucore/ucrom.hex Line: 147
Warning (10230): Verilog HDL assignment warning at ucrom.hex(148): truncated value with size 32 to match size of target (29) File: /work/fpga/rtl/ucore/ucrom.hex Line: 148
Warning (10230): Verilog HDL assignment warning at ucrom.hex(149): truncated value with size 32 to match size of target (29) File: /work/fpga/rtl/ucore/ucrom.hex Line: 149
Warning (10230): Verilog HDL assignment warning at ucrom.hex(150): truncated value with size 32 to match size of target (29) File: /work/fpga/rtl/ucore/ucrom.hex Line: 150
Warning (10230): Verilog HDL assignment warning at ucrom.hex(151): truncated value with size 32 to match size of target (29) File: /work/fpga/rtl/ucore/ucrom.hex Line: 151
Warning (10230): Verilog HDL assignment warning at ucrom.hex(152): truncated value with size 32 to match size of target (29) File: /work/fpga/rtl/ucore/ucrom.hex Line: 152
Warning (10230): Verilog HDL assignment warning at ucrom.hex(153): truncated value with size 32 to match size of target (29) File: /work/fpga/rtl/ucore/ucrom.hex Line: 153
Warning (10230): Verilog HDL assignment warning at ucrom.hex(154): truncated value with size 32 to match size of target (29) File: /work/fpga/rtl/ucore/ucrom.hex Line: 154
Warning (10230): Verilog HDL assignment warning at ucrom.hex(155): truncated value with size 32 to match size of target (29) File: /work/fpga/rtl/ucore/ucrom.hex Line: 155
Warning (10230): Verilog HDL assignment warning at ucrom.hex(156): truncated value with size 32 to match size of target (29) File: /work/fpga/rtl/ucore/ucrom.hex Line: 156
Warning (10230): Verilog HDL assignment warning at ucrom.hex(157): truncated value with size 32 to match size of target (29) File: /work/fpga/rtl/ucore/ucrom.hex Line: 157
Warning (10230): Verilog HDL assignment warning at ucrom.hex(158): truncated value with size 32 to match size of target (29) File: /work/fpga/rtl/ucore/ucrom.hex Line: 158
Warning (10230): Verilog HDL assignment warning at ucrom.hex(159): truncated value with size 32 to match size of target (29) File: /work/fpga/rtl/ucore/ucrom.hex Line: 159
Warning (10230): Verilog HDL assignment warning at ucrom.hex(160): truncated value with size 32 to match size of target (29) File: /work/fpga/rtl/ucore/ucrom.hex Line: 160
Warning (10230): Verilog HDL assignment warning at ucrom.hex(161): truncated value with size 32 to match size of target (29) File: /work/fpga/rtl/ucore/ucrom.hex Line: 161
Warning (10230): Verilog HDL assignment warning at ucrom.hex(162): truncated value with size 32 to match size of target (29) File: /work/fpga/rtl/ucore/ucrom.hex Line: 162
Warning (10230): Verilog HDL assignment warning at ucrom.hex(163): truncated value with size 32 to match size of target (29) File: /work/fpga/rtl/ucore/ucrom.hex Line: 163
Warning (10230): Verilog HDL assignment warning at ucrom.hex(164): truncated value with size 32 to match size of target (29) File: /work/fpga/rtl/ucore/ucrom.hex Line: 164
Warning (10230): Verilog HDL assignment warning at ucrom.hex(165): truncated value with size 32 to match size of target (29) File: /work/fpga/rtl/ucore/ucrom.hex Line: 165
Warning (10230): Verilog HDL assignment warning at ucrom.hex(166): truncated value with size 32 to match size of target (29) File: /work/fpga/rtl/ucore/ucrom.hex Line: 166
Warning (10230): Verilog HDL assignment warning at ucrom.hex(167): truncated value with size 32 to match size of target (29) File: /work/fpga/rtl/ucore/ucrom.hex Line: 167
Warning (10230): Verilog HDL assignment warning at ucrom.hex(168): truncated value with size 32 to match size of target (29) File: /work/fpga/rtl/ucore/ucrom.hex Line: 168
Warning (10230): Verilog HDL assignment warning at ucrom.hex(169): truncated value with size 32 to match size of target (29) File: /work/fpga/rtl/ucore/ucrom.hex Line: 169
Warning (10230): Verilog HDL assignment warning at ucrom.hex(170): truncated value with size 32 to match size of target (29) File: /work/fpga/rtl/ucore/ucrom.hex Line: 170
Warning (10230): Verilog HDL assignment warning at ucrom.hex(171): truncated value with size 32 to match size of target (29) File: /work/fpga/rtl/ucore/ucrom.hex Line: 171
Warning (10230): Verilog HDL assignment warning at ucrom.hex(172): truncated value with size 32 to match size of target (29) File: /work/fpga/rtl/ucore/ucrom.hex Line: 172
Warning (10230): Verilog HDL assignment warning at ucrom.hex(173): truncated value with size 32 to match size of target (29) File: /work/fpga/rtl/ucore/ucrom.hex Line: 173
Warning (10230): Verilog HDL assignment warning at ucrom.hex(174): truncated value with size 32 to match size of target (29) File: /work/fpga/rtl/ucore/ucrom.hex Line: 174
Warning (10230): Verilog HDL assignment warning at ucrom.hex(175): truncated value with size 32 to match size of target (29) File: /work/fpga/rtl/ucore/ucrom.hex Line: 175
Warning (10230): Verilog HDL assignment warning at ucrom.hex(176): truncated value with size 32 to match size of target (29) File: /work/fpga/rtl/ucore/ucrom.hex Line: 176
Warning (10230): Verilog HDL assignment warning at ucrom.hex(177): truncated value with size 32 to match size of target (29) File: /work/fpga/rtl/ucore/ucrom.hex Line: 177
Warning (10230): Verilog HDL assignment warning at ucrom.hex(178): truncated value with size 32 to match size of target (29) File: /work/fpga/rtl/ucore/ucrom.hex Line: 178
Warning (10230): Verilog HDL assignment warning at ucrom.hex(179): truncated value with size 32 to match size of target (29) File: /work/fpga/rtl/ucore/ucrom.hex Line: 179
Warning (10230): Verilog HDL assignment warning at ucrom.hex(180): truncated value with size 32 to match size of target (29) File: /work/fpga/rtl/ucore/ucrom.hex Line: 180
Warning (10230): Verilog HDL assignment warning at ucrom.hex(181): truncated value with size 32 to match size of target (29) File: /work/fpga/rtl/ucore/ucrom.hex Line: 181
Warning (10230): Verilog HDL assignment warning at ucrom.hex(182): truncated value with size 32 to match size of target (29) File: /work/fpga/rtl/ucore/ucrom.hex Line: 182
Warning (10230): Verilog HDL assignment warning at ucrom.hex(183): truncated value with size 32 to match size of target (29) File: /work/fpga/rtl/ucore/ucrom.hex Line: 183
Warning (10230): Verilog HDL assignment warning at ucrom.hex(184): truncated value with size 32 to match size of target (29) File: /work/fpga/rtl/ucore/ucrom.hex Line: 184
Warning (10230): Verilog HDL assignment warning at ucrom.hex(185): truncated value with size 32 to match size of target (29) File: /work/fpga/rtl/ucore/ucrom.hex Line: 185
Warning (10230): Verilog HDL assignment warning at ucrom.hex(186): truncated value with size 32 to match size of target (29) File: /work/fpga/rtl/ucore/ucrom.hex Line: 186
Warning (10230): Verilog HDL assignment warning at ucrom.hex(187): truncated value with size 32 to match size of target (29) File: /work/fpga/rtl/ucore/ucrom.hex Line: 187
Warning (10230): Verilog HDL assignment warning at ucrom.hex(188): truncated value with size 32 to match size of target (29) File: /work/fpga/rtl/ucore/ucrom.hex Line: 188
Warning (10230): Verilog HDL assignment warning at ucrom.hex(189): truncated value with size 32 to match size of target (29) File: /work/fpga/rtl/ucore/ucrom.hex Line: 189
Warning (10230): Verilog HDL assignment warning at ucrom.hex(190): truncated value with size 32 to match size of target (29) File: /work/fpga/rtl/ucore/ucrom.hex Line: 190
Warning (10230): Verilog HDL assignment warning at ucrom.hex(191): truncated value with size 32 to match size of target (29) File: /work/fpga/rtl/ucore/ucrom.hex Line: 191
Warning (10230): Verilog HDL assignment warning at ucrom.hex(192): truncated value with size 32 to match size of target (29) File: /work/fpga/rtl/ucore/ucrom.hex Line: 192
Warning (10230): Verilog HDL assignment warning at ucrom.hex(193): truncated value with size 32 to match size of target (29) File: /work/fpga/rtl/ucore/ucrom.hex Line: 193
Warning (10230): Verilog HDL assignment warning at ucrom.hex(194): truncated value with size 32 to match size of target (29) File: /work/fpga/rtl/ucore/ucrom.hex Line: 194
Warning (10230): Verilog HDL assignment warning at ucrom.hex(195): truncated value with size 32 to match size of target (29) File: /work/fpga/rtl/ucore/ucrom.hex Line: 195
Warning (10230): Verilog HDL assignment warning at ucrom.hex(196): truncated value with size 32 to match size of target (29) File: /work/fpga/rtl/ucore/ucrom.hex Line: 196
Warning (10230): Verilog HDL assignment warning at ucrom.hex(197): truncated value with size 32 to match size of target (29) File: /work/fpga/rtl/ucore/ucrom.hex Line: 197
Warning (10230): Verilog HDL assignment warning at ucrom.hex(198): truncated value with size 32 to match size of target (29) File: /work/fpga/rtl/ucore/ucrom.hex Line: 198
Warning (10230): Verilog HDL assignment warning at ucrom.hex(199): truncated value with size 32 to match size of target (29) File: /work/fpga/rtl/ucore/ucrom.hex Line: 199
Warning (10230): Verilog HDL assignment warning at ucrom.hex(200): truncated value with size 32 to match size of target (29) File: /work/fpga/rtl/ucore/ucrom.hex Line: 200
Warning (10230): Verilog HDL assignment warning at ucrom.hex(201): truncated value with size 32 to match size of target (29) File: /work/fpga/rtl/ucore/ucrom.hex Line: 201
Warning (10230): Verilog HDL assignment warning at ucrom.hex(202): truncated value with size 32 to match size of target (29) File: /work/fpga/rtl/ucore/ucrom.hex Line: 202
Warning (10230): Verilog HDL assignment warning at ucrom.hex(203): truncated value with size 32 to match size of target (29) File: /work/fpga/rtl/ucore/ucrom.hex Line: 203
Warning (10230): Verilog HDL assignment warning at ucrom.hex(204): truncated value with size 32 to match size of target (29) File: /work/fpga/rtl/ucore/ucrom.hex Line: 204
Warning (10230): Verilog HDL assignment warning at ucrom.hex(205): truncated value with size 32 to match size of target (29) File: /work/fpga/rtl/ucore/ucrom.hex Line: 205
Warning (10230): Verilog HDL assignment warning at ucrom.hex(206): truncated value with size 32 to match size of target (29) File: /work/fpga/rtl/ucore/ucrom.hex Line: 206
Warning (10230): Verilog HDL assignment warning at ucrom.hex(207): truncated value with size 32 to match size of target (29) File: /work/fpga/rtl/ucore/ucrom.hex Line: 207
Warning (10230): Verilog HDL assignment warning at ucrom.hex(208): truncated value with size 32 to match size of target (29) File: /work/fpga/rtl/ucore/ucrom.hex Line: 208
Warning (10230): Verilog HDL assignment warning at ucrom.hex(209): truncated value with size 32 to match size of target (29) File: /work/fpga/rtl/ucore/ucrom.hex Line: 209
Warning (10230): Verilog HDL assignment warning at ucrom.hex(210): truncated value with size 32 to match size of target (29) File: /work/fpga/rtl/ucore/ucrom.hex Line: 210
Warning (10230): Verilog HDL assignment warning at ucrom.hex(211): truncated value with size 32 to match size of target (29) File: /work/fpga/rtl/ucore/ucrom.hex Line: 211
Warning (10230): Verilog HDL assignment warning at ucrom.hex(212): truncated value with size 32 to match size of target (29) File: /work/fpga/rtl/ucore/ucrom.hex Line: 212
Warning (10230): Verilog HDL assignment warning at ucrom.hex(213): truncated value with size 32 to match size of target (29) File: /work/fpga/rtl/ucore/ucrom.hex Line: 213
Warning (10230): Verilog HDL assignment warning at ucrom.hex(214): truncated value with size 32 to match size of target (29) File: /work/fpga/rtl/ucore/ucrom.hex Line: 214
Warning (10230): Verilog HDL assignment warning at ucrom.hex(215): truncated value with size 32 to match size of target (29) File: /work/fpga/rtl/ucore/ucrom.hex Line: 215
Warning (10230): Verilog HDL assignment warning at ucrom.hex(216): truncated value with size 32 to match size of target (29) File: /work/fpga/rtl/ucore/ucrom.hex Line: 216
Warning (10230): Verilog HDL assignment warning at ucrom.hex(217): truncated value with size 32 to match size of target (29) File: /work/fpga/rtl/ucore/ucrom.hex Line: 217
Warning (10230): Verilog HDL assignment warning at ucrom.hex(218): truncated value with size 32 to match size of target (29) File: /work/fpga/rtl/ucore/ucrom.hex Line: 218
Warning (10230): Verilog HDL assignment warning at ucrom.hex(219): truncated value with size 32 to match size of target (29) File: /work/fpga/rtl/ucore/ucrom.hex Line: 219
Warning (10230): Verilog HDL assignment warning at ucrom.hex(220): truncated value with size 32 to match size of target (29) File: /work/fpga/rtl/ucore/ucrom.hex Line: 220
Warning (10230): Verilog HDL assignment warning at ucrom.hex(221): truncated value with size 32 to match size of target (29) File: /work/fpga/rtl/ucore/ucrom.hex Line: 221
Warning (10230): Verilog HDL assignment warning at ucrom.hex(222): truncated value with size 32 to match size of target (29) File: /work/fpga/rtl/ucore/ucrom.hex Line: 222
Warning (10230): Verilog HDL assignment warning at ucrom.hex(223): truncated value with size 32 to match size of target (29) File: /work/fpga/rtl/ucore/ucrom.hex Line: 223
Warning (10230): Verilog HDL assignment warning at ucrom.hex(224): truncated value with size 32 to match size of target (29) File: /work/fpga/rtl/ucore/ucrom.hex Line: 224
Warning (10230): Verilog HDL assignment warning at ucrom.hex(225): truncated value with size 32 to match size of target (29) File: /work/fpga/rtl/ucore/ucrom.hex Line: 225
Warning (10230): Verilog HDL assignment warning at ucrom.hex(226): truncated value with size 32 to match size of target (29) File: /work/fpga/rtl/ucore/ucrom.hex Line: 226
Warning (10230): Verilog HDL assignment warning at ucrom.hex(227): truncated value with size 32 to match size of target (29) File: /work/fpga/rtl/ucore/ucrom.hex Line: 227
Warning (10230): Verilog HDL assignment warning at ucrom.hex(228): truncated value with size 32 to match size of target (29) File: /work/fpga/rtl/ucore/ucrom.hex Line: 228
Warning (10230): Verilog HDL assignment warning at ucrom.hex(229): truncated value with size 32 to match size of target (29) File: /work/fpga/rtl/ucore/ucrom.hex Line: 229
Warning (10230): Verilog HDL assignment warning at ucrom.hex(230): truncated value with size 32 to match size of target (29) File: /work/fpga/rtl/ucore/ucrom.hex Line: 230
Warning (10230): Verilog HDL assignment warning at ucrom.hex(231): truncated value with size 32 to match size of target (29) File: /work/fpga/rtl/ucore/ucrom.hex Line: 231
Warning (10230): Verilog HDL assignment warning at ucrom.hex(232): truncated value with size 32 to match size of target (29) File: /work/fpga/rtl/ucore/ucrom.hex Line: 232
Warning (10230): Verilog HDL assignment warning at ucrom.hex(233): truncated value with size 32 to match size of target (29) File: /work/fpga/rtl/ucore/ucrom.hex Line: 233
Warning (10230): Verilog HDL assignment warning at ucrom.hex(234): truncated value with size 32 to match size of target (29) File: /work/fpga/rtl/ucore/ucrom.hex Line: 234
Warning (10230): Verilog HDL assignment warning at ucrom.hex(235): truncated value with size 32 to match size of target (29) File: /work/fpga/rtl/ucore/ucrom.hex Line: 235
Warning (10230): Verilog HDL assignment warning at ucrom.hex(236): truncated value with size 32 to match size of target (29) File: /work/fpga/rtl/ucore/ucrom.hex Line: 236
Warning (10230): Verilog HDL assignment warning at ucrom.hex(237): truncated value with size 32 to match size of target (29) File: /work/fpga/rtl/ucore/ucrom.hex Line: 237
Warning (10230): Verilog HDL assignment warning at ucrom.hex(238): truncated value with size 32 to match size of target (29) File: /work/fpga/rtl/ucore/ucrom.hex Line: 238
Warning (10230): Verilog HDL assignment warning at ucrom.hex(239): truncated value with size 32 to match size of target (29) File: /work/fpga/rtl/ucore/ucrom.hex Line: 239
Warning (10230): Verilog HDL assignment warning at ucrom.hex(240): truncated value with size 32 to match size of target (29) File: /work/fpga/rtl/ucore/ucrom.hex Line: 240
Warning (10230): Verilog HDL assignment warning at ucrom.hex(241): truncated value with size 32 to match size of target (29) File: /work/fpga/rtl/ucore/ucrom.hex Line: 241
Warning (10230): Verilog HDL assignment warning at ucrom.hex(242): truncated value with size 32 to match size of target (29) File: /work/fpga/rtl/ucore/ucrom.hex Line: 242
Warning (10230): Verilog HDL assignment warning at ucrom.hex(243): truncated value with size 32 to match size of target (29) File: /work/fpga/rtl/ucore/ucrom.hex Line: 243
Warning (10230): Verilog HDL assignment warning at ucrom.hex(244): truncated value with size 32 to match size of target (29) File: /work/fpga/rtl/ucore/ucrom.hex Line: 244
Warning (10230): Verilog HDL assignment warning at ucrom.hex(245): truncated value with size 32 to match size of target (29) File: /work/fpga/rtl/ucore/ucrom.hex Line: 245
Warning (10230): Verilog HDL assignment warning at ucrom.hex(246): truncated value with size 32 to match size of target (29) File: /work/fpga/rtl/ucore/ucrom.hex Line: 246
Warning (10230): Verilog HDL assignment warning at ucrom.hex(247): truncated value with size 32 to match size of target (29) File: /work/fpga/rtl/ucore/ucrom.hex Line: 247
Warning (10230): Verilog HDL assignment warning at ucrom.hex(248): truncated value with size 32 to match size of target (29) File: /work/fpga/rtl/ucore/ucrom.hex Line: 248
Warning (10230): Verilog HDL assignment warning at ucrom.hex(249): truncated value with size 32 to match size of target (29) File: /work/fpga/rtl/ucore/ucrom.hex Line: 249
Warning (10230): Verilog HDL assignment warning at ucrom.hex(250): truncated value with size 32 to match size of target (29) File: /work/fpga/rtl/ucore/ucrom.hex Line: 250
Warning (10230): Verilog HDL assignment warning at ucrom.hex(251): truncated value with size 32 to match size of target (29) File: /work/fpga/rtl/ucore/ucrom.hex Line: 251
Warning (10230): Verilog HDL assignment warning at ucrom.hex(252): truncated value with size 32 to match size of target (29) File: /work/fpga/rtl/ucore/ucrom.hex Line: 252
Warning (10230): Verilog HDL assignment warning at ucrom.hex(253): truncated value with size 32 to match size of target (29) File: /work/fpga/rtl/ucore/ucrom.hex Line: 253
Warning (10230): Verilog HDL assignment warning at ucrom.hex(254): truncated value with size 32 to match size of target (29) File: /work/fpga/rtl/ucore/ucrom.hex Line: 254
Warning (10230): Verilog HDL assignment warning at ucrom.hex(255): truncated value with size 32 to match size of target (29) File: /work/fpga/rtl/ucore/ucrom.hex Line: 255
Warning (10230): Verilog HDL assignment warning at ucrom.hex(256): truncated value with size 32 to match size of target (29) File: /work/fpga/rtl/ucore/ucrom.hex Line: 256
Warning (10230): Verilog HDL assignment warning at ucrom.hex(257): truncated value with size 32 to match size of target (29) File: /work/fpga/rtl/ucore/ucrom.hex Line: 257
Warning (10230): Verilog HDL assignment warning at ucrom.hex(258): truncated value with size 32 to match size of target (29) File: /work/fpga/rtl/ucore/ucrom.hex Line: 258
Warning (10230): Verilog HDL assignment warning at ucrom.hex(259): truncated value with size 32 to match size of target (29) File: /work/fpga/rtl/ucore/ucrom.hex Line: 259
Warning (10230): Verilog HDL assignment warning at ucrom.hex(260): truncated value with size 32 to match size of target (29) File: /work/fpga/rtl/ucore/ucrom.hex Line: 260
Warning (10230): Verilog HDL assignment warning at ucrom.hex(261): truncated value with size 32 to match size of target (29) File: /work/fpga/rtl/ucore/ucrom.hex Line: 261
Warning (10230): Verilog HDL assignment warning at ucrom.hex(262): truncated value with size 32 to match size of target (29) File: /work/fpga/rtl/ucore/ucrom.hex Line: 262
Warning (10230): Verilog HDL assignment warning at ucrom.hex(263): truncated value with size 32 to match size of target (29) File: /work/fpga/rtl/ucore/ucrom.hex Line: 263
Warning (10230): Verilog HDL assignment warning at ucrom.hex(264): truncated value with size 32 to match size of target (29) File: /work/fpga/rtl/ucore/ucrom.hex Line: 264
Warning (10230): Verilog HDL assignment warning at ucrom.hex(265): truncated value with size 32 to match size of target (29) File: /work/fpga/rtl/ucore/ucrom.hex Line: 265
Warning (10230): Verilog HDL assignment warning at ucrom.hex(266): truncated value with size 32 to match size of target (29) File: /work/fpga/rtl/ucore/ucrom.hex Line: 266
Warning (10230): Verilog HDL assignment warning at ucrom.hex(267): truncated value with size 32 to match size of target (29) File: /work/fpga/rtl/ucore/ucrom.hex Line: 267
Warning (10230): Verilog HDL assignment warning at ucrom.hex(268): truncated value with size 32 to match size of target (29) File: /work/fpga/rtl/ucore/ucrom.hex Line: 268
Warning (10230): Verilog HDL assignment warning at ucrom.hex(269): truncated value with size 32 to match size of target (29) File: /work/fpga/rtl/ucore/ucrom.hex Line: 269
Warning (10230): Verilog HDL assignment warning at ucrom.hex(270): truncated value with size 32 to match size of target (29) File: /work/fpga/rtl/ucore/ucrom.hex Line: 270
Warning (10230): Verilog HDL assignment warning at ucrom.hex(271): truncated value with size 32 to match size of target (29) File: /work/fpga/rtl/ucore/ucrom.hex Line: 271
Warning (10230): Verilog HDL assignment warning at ucrom.hex(272): truncated value with size 32 to match size of target (29) File: /work/fpga/rtl/ucore/ucrom.hex Line: 272
Warning (10230): Verilog HDL assignment warning at ucrom.hex(273): truncated value with size 32 to match size of target (29) File: /work/fpga/rtl/ucore/ucrom.hex Line: 273
Warning (10230): Verilog HDL assignment warning at ucrom.hex(274): truncated value with size 32 to match size of target (29) File: /work/fpga/rtl/ucore/ucrom.hex Line: 274
Warning (10230): Verilog HDL assignment warning at ucrom.hex(275): truncated value with size 32 to match size of target (29) File: /work/fpga/rtl/ucore/ucrom.hex Line: 275
Warning (10230): Verilog HDL assignment warning at ucrom.hex(276): truncated value with size 32 to match size of target (29) File: /work/fpga/rtl/ucore/ucrom.hex Line: 276
Warning (10230): Verilog HDL assignment warning at ucrom.hex(277): truncated value with size 32 to match size of target (29) File: /work/fpga/rtl/ucore/ucrom.hex Line: 277
Warning (10230): Verilog HDL assignment warning at ucrom.hex(278): truncated value with size 32 to match size of target (29) File: /work/fpga/rtl/ucore/ucrom.hex Line: 278
Warning (10230): Verilog HDL assignment warning at ucrom.hex(279): truncated value with size 32 to match size of target (29) File: /work/fpga/rtl/ucore/ucrom.hex Line: 279
Warning (10230): Verilog HDL assignment warning at ucrom.hex(280): truncated value with size 32 to match size of target (29) File: /work/fpga/rtl/ucore/ucrom.hex Line: 280
Warning (10230): Verilog HDL assignment warning at ucrom.hex(281): truncated value with size 32 to match size of target (29) File: /work/fpga/rtl/ucore/ucrom.hex Line: 281
Warning (10230): Verilog HDL assignment warning at ucrom.hex(282): truncated value with size 32 to match size of target (29) File: /work/fpga/rtl/ucore/ucrom.hex Line: 282
Warning (10230): Verilog HDL assignment warning at ucrom.hex(283): truncated value with size 32 to match size of target (29) File: /work/fpga/rtl/ucore/ucrom.hex Line: 283
Warning (10230): Verilog HDL assignment warning at ucrom.hex(284): truncated value with size 32 to match size of target (29) File: /work/fpga/rtl/ucore/ucrom.hex Line: 284
Warning (10230): Verilog HDL assignment warning at ucrom.hex(285): truncated value with size 32 to match size of target (29) File: /work/fpga/rtl/ucore/ucrom.hex Line: 285
Warning (10230): Verilog HDL assignment warning at ucrom.hex(286): truncated value with size 32 to match size of target (29) File: /work/fpga/rtl/ucore/ucrom.hex Line: 286
Warning (10230): Verilog HDL assignment warning at ucrom.hex(287): truncated value with size 32 to match size of target (29) File: /work/fpga/rtl/ucore/ucrom.hex Line: 287
Warning (10230): Verilog HDL assignment warning at ucrom.hex(288): truncated value with size 32 to match size of target (29) File: /work/fpga/rtl/ucore/ucrom.hex Line: 288
Warning (10230): Verilog HDL assignment warning at ucrom.hex(289): truncated value with size 32 to match size of target (29) File: /work/fpga/rtl/ucore/ucrom.hex Line: 289
Warning (10230): Verilog HDL assignment warning at ucrom.hex(290): truncated value with size 32 to match size of target (29) File: /work/fpga/rtl/ucore/ucrom.hex Line: 290
Warning (10230): Verilog HDL assignment warning at ucrom.hex(291): truncated value with size 32 to match size of target (29) File: /work/fpga/rtl/ucore/ucrom.hex Line: 291
Warning (10230): Verilog HDL assignment warning at ucrom.hex(292): truncated value with size 32 to match size of target (29) File: /work/fpga/rtl/ucore/ucrom.hex Line: 292
Warning (10230): Verilog HDL assignment warning at ucrom.hex(293): truncated value with size 32 to match size of target (29) File: /work/fpga/rtl/ucore/ucrom.hex Line: 293
Warning (10230): Verilog HDL assignment warning at ucrom.hex(294): truncated value with size 32 to match size of target (29) File: /work/fpga/rtl/ucore/ucrom.hex Line: 294
Warning (10230): Verilog HDL assignment warning at ucrom.hex(295): truncated value with size 32 to match size of target (29) File: /work/fpga/rtl/ucore/ucrom.hex Line: 295
Warning (10230): Verilog HDL assignment warning at ucrom.hex(296): truncated value with size 32 to match size of target (29) File: /work/fpga/rtl/ucore/ucrom.hex Line: 296
Warning (10230): Verilog HDL assignment warning at ucrom.hex(297): truncated value with size 32 to match size of target (29) File: /work/fpga/rtl/ucore/ucrom.hex Line: 297
Warning (10230): Verilog HDL assignment warning at ucrom.hex(298): truncated value with size 32 to match size of target (29) File: /work/fpga/rtl/ucore/ucrom.hex Line: 298
Warning (10230): Verilog HDL assignment warning at ucrom.hex(299): truncated value with size 32 to match size of target (29) File: /work/fpga/rtl/ucore/ucrom.hex Line: 299
Warning (10230): Verilog HDL assignment warning at ucrom.hex(300): truncated value with size 32 to match size of target (29) File: /work/fpga/rtl/ucore/ucrom.hex Line: 300
Warning (10230): Verilog HDL assignment warning at ucrom.hex(301): truncated value with size 32 to match size of target (29) File: /work/fpga/rtl/ucore/ucrom.hex Line: 301
Warning (10230): Verilog HDL assignment warning at ucrom.hex(302): truncated value with size 32 to match size of target (29) File: /work/fpga/rtl/ucore/ucrom.hex Line: 302
Warning (10230): Verilog HDL assignment warning at ucrom.hex(303): truncated value with size 32 to match size of target (29) File: /work/fpga/rtl/ucore/ucrom.hex Line: 303
Warning (10230): Verilog HDL assignment warning at ucrom.hex(304): truncated value with size 32 to match size of target (29) File: /work/fpga/rtl/ucore/ucrom.hex Line: 304
Warning (10230): Verilog HDL assignment warning at ucrom.hex(305): truncated value with size 32 to match size of target (29) File: /work/fpga/rtl/ucore/ucrom.hex Line: 305
Warning (10230): Verilog HDL assignment warning at ucrom.hex(306): truncated value with size 32 to match size of target (29) File: /work/fpga/rtl/ucore/ucrom.hex Line: 306
Warning (10230): Verilog HDL assignment warning at ucrom.hex(307): truncated value with size 32 to match size of target (29) File: /work/fpga/rtl/ucore/ucrom.hex Line: 307
Warning (10230): Verilog HDL assignment warning at ucrom.hex(308): truncated value with size 32 to match size of target (29) File: /work/fpga/rtl/ucore/ucrom.hex Line: 308
Warning (10230): Verilog HDL assignment warning at ucrom.hex(309): truncated value with size 32 to match size of target (29) File: /work/fpga/rtl/ucore/ucrom.hex Line: 309
Warning (10230): Verilog HDL assignment warning at ucrom.hex(310): truncated value with size 32 to match size of target (29) File: /work/fpga/rtl/ucore/ucrom.hex Line: 310
Warning (10230): Verilog HDL assignment warning at ucrom.hex(311): truncated value with size 32 to match size of target (29) File: /work/fpga/rtl/ucore/ucrom.hex Line: 311
Warning (10230): Verilog HDL assignment warning at ucrom.hex(312): truncated value with size 32 to match size of target (29) File: /work/fpga/rtl/ucore/ucrom.hex Line: 312
Warning (10230): Verilog HDL assignment warning at ucrom.hex(313): truncated value with size 32 to match size of target (29) File: /work/fpga/rtl/ucore/ucrom.hex Line: 313
Warning (10230): Verilog HDL assignment warning at ucrom.hex(314): truncated value with size 32 to match size of target (29) File: /work/fpga/rtl/ucore/ucrom.hex Line: 314
Warning (10230): Verilog HDL assignment warning at ucrom.hex(315): truncated value with size 32 to match size of target (29) File: /work/fpga/rtl/ucore/ucrom.hex Line: 315
Warning (10230): Verilog HDL assignment warning at ucrom.hex(316): truncated value with size 32 to match size of target (29) File: /work/fpga/rtl/ucore/ucrom.hex Line: 316
Warning (10230): Verilog HDL assignment warning at ucrom.hex(317): truncated value with size 32 to match size of target (29) File: /work/fpga/rtl/ucore/ucrom.hex Line: 317
Warning (10230): Verilog HDL assignment warning at ucrom.hex(318): truncated value with size 32 to match size of target (29) File: /work/fpga/rtl/ucore/ucrom.hex Line: 318
Warning (10230): Verilog HDL assignment warning at ucrom.hex(319): truncated value with size 32 to match size of target (29) File: /work/fpga/rtl/ucore/ucrom.hex Line: 319
Warning (10230): Verilog HDL assignment warning at ucrom.hex(320): truncated value with size 32 to match size of target (29) File: /work/fpga/rtl/ucore/ucrom.hex Line: 320
Warning (10230): Verilog HDL assignment warning at ucrom.hex(321): truncated value with size 32 to match size of target (29) File: /work/fpga/rtl/ucore/ucrom.hex Line: 321
Warning (10230): Verilog HDL assignment warning at ucrom.hex(322): truncated value with size 32 to match size of target (29) File: /work/fpga/rtl/ucore/ucrom.hex Line: 322
Warning (10230): Verilog HDL assignment warning at ucrom.hex(323): truncated value with size 32 to match size of target (29) File: /work/fpga/rtl/ucore/ucrom.hex Line: 323
Warning (10230): Verilog HDL assignment warning at ucrom.hex(324): truncated value with size 32 to match size of target (29) File: /work/fpga/rtl/ucore/ucrom.hex Line: 324
Warning (10230): Verilog HDL assignment warning at ucrom.hex(325): truncated value with size 32 to match size of target (29) File: /work/fpga/rtl/ucore/ucrom.hex Line: 325
Warning (10230): Verilog HDL assignment warning at ucrom.hex(326): truncated value with size 32 to match size of target (29) File: /work/fpga/rtl/ucore/ucrom.hex Line: 326
Warning (10230): Verilog HDL assignment warning at ucrom.hex(327): truncated value with size 32 to match size of target (29) File: /work/fpga/rtl/ucore/ucrom.hex Line: 327
Warning (10230): Verilog HDL assignment warning at ucrom.hex(328): truncated value with size 32 to match size of target (29) File: /work/fpga/rtl/ucore/ucrom.hex Line: 328
Warning (10230): Verilog HDL assignment warning at ucrom.hex(329): truncated value with size 32 to match size of target (29) File: /work/fpga/rtl/ucore/ucrom.hex Line: 329
Warning (10230): Verilog HDL assignment warning at ucrom.hex(330): truncated value with size 32 to match size of target (29) File: /work/fpga/rtl/ucore/ucrom.hex Line: 330
Warning (10230): Verilog HDL assignment warning at ucrom.hex(331): truncated value with size 32 to match size of target (29) File: /work/fpga/rtl/ucore/ucrom.hex Line: 331
Warning (10230): Verilog HDL assignment warning at ucrom.hex(332): truncated value with size 32 to match size of target (29) File: /work/fpga/rtl/ucore/ucrom.hex Line: 332
Warning (10230): Verilog HDL assignment warning at ucrom.hex(333): truncated value with size 32 to match size of target (29) File: /work/fpga/rtl/ucore/ucrom.hex Line: 333
Warning (10230): Verilog HDL assignment warning at ucrom.hex(334): truncated value with size 32 to match size of target (29) File: /work/fpga/rtl/ucore/ucrom.hex Line: 334
Warning (10230): Verilog HDL assignment warning at ucrom.hex(335): truncated value with size 32 to match size of target (29) File: /work/fpga/rtl/ucore/ucrom.hex Line: 335
Warning (10230): Verilog HDL assignment warning at ucrom.hex(336): truncated value with size 32 to match size of target (29) File: /work/fpga/rtl/ucore/ucrom.hex Line: 336
Warning (10230): Verilog HDL assignment warning at ucrom.hex(337): truncated value with size 32 to match size of target (29) File: /work/fpga/rtl/ucore/ucrom.hex Line: 337
Warning (10230): Verilog HDL assignment warning at ucrom.hex(338): truncated value with size 32 to match size of target (29) File: /work/fpga/rtl/ucore/ucrom.hex Line: 338
Warning (10230): Verilog HDL assignment warning at ucrom.hex(339): truncated value with size 32 to match size of target (29) File: /work/fpga/rtl/ucore/ucrom.hex Line: 339
Warning (10230): Verilog HDL assignment warning at ucrom.hex(340): truncated value with size 32 to match size of target (29) File: /work/fpga/rtl/ucore/ucrom.hex Line: 340
Warning (10230): Verilog HDL assignment warning at ucrom.hex(341): truncated value with size 32 to match size of target (29) File: /work/fpga/rtl/ucore/ucrom.hex Line: 341
Warning (10230): Verilog HDL assignment warning at ucrom.hex(342): truncated value with size 32 to match size of target (29) File: /work/fpga/rtl/ucore/ucrom.hex Line: 342
Warning (10230): Verilog HDL assignment warning at ucrom.hex(343): truncated value with size 32 to match size of target (29) File: /work/fpga/rtl/ucore/ucrom.hex Line: 343
Warning (10230): Verilog HDL assignment warning at ucrom.hex(344): truncated value with size 32 to match size of target (29) File: /work/fpga/rtl/ucore/ucrom.hex Line: 344
Warning (10230): Verilog HDL assignment warning at ucrom.hex(345): truncated value with size 32 to match size of target (29) File: /work/fpga/rtl/ucore/ucrom.hex Line: 345
Warning (10230): Verilog HDL assignment warning at ucrom.hex(346): truncated value with size 32 to match size of target (29) File: /work/fpga/rtl/ucore/ucrom.hex Line: 346
Warning (10230): Verilog HDL assignment warning at ucrom.hex(347): truncated value with size 32 to match size of target (29) File: /work/fpga/rtl/ucore/ucrom.hex Line: 347
Warning (10230): Verilog HDL assignment warning at ucrom.hex(348): truncated value with size 32 to match size of target (29) File: /work/fpga/rtl/ucore/ucrom.hex Line: 348
Warning (10230): Verilog HDL assignment warning at ucrom.hex(349): truncated value with size 32 to match size of target (29) File: /work/fpga/rtl/ucore/ucrom.hex Line: 349
Warning (10230): Verilog HDL assignment warning at ucrom.hex(350): truncated value with size 32 to match size of target (29) File: /work/fpga/rtl/ucore/ucrom.hex Line: 350
Warning (10230): Verilog HDL assignment warning at ucrom.hex(351): truncated value with size 32 to match size of target (29) File: /work/fpga/rtl/ucore/ucrom.hex Line: 351
Warning (10230): Verilog HDL assignment warning at ucrom.hex(352): truncated value with size 32 to match size of target (29) File: /work/fpga/rtl/ucore/ucrom.hex Line: 352
Warning (10230): Verilog HDL assignment warning at ucrom.hex(353): truncated value with size 32 to match size of target (29) File: /work/fpga/rtl/ucore/ucrom.hex Line: 353
Warning (10230): Verilog HDL assignment warning at ucrom.hex(354): truncated value with size 32 to match size of target (29) File: /work/fpga/rtl/ucore/ucrom.hex Line: 354
Warning (10230): Verilog HDL assignment warning at ucrom.hex(355): truncated value with size 32 to match size of target (29) File: /work/fpga/rtl/ucore/ucrom.hex Line: 355
Warning (10230): Verilog HDL assignment warning at ucrom.hex(356): truncated value with size 32 to match size of target (29) File: /work/fpga/rtl/ucore/ucrom.hex Line: 356
Warning (10230): Verilog HDL assignment warning at ucrom.hex(357): truncated value with size 32 to match size of target (29) File: /work/fpga/rtl/ucore/ucrom.hex Line: 357
Warning (10230): Verilog HDL assignment warning at ucrom.hex(358): truncated value with size 32 to match size of target (29) File: /work/fpga/rtl/ucore/ucrom.hex Line: 358
Warning (10230): Verilog HDL assignment warning at ucrom.hex(359): truncated value with size 32 to match size of target (29) File: /work/fpga/rtl/ucore/ucrom.hex Line: 359
Warning (10230): Verilog HDL assignment warning at ucrom.hex(360): truncated value with size 32 to match size of target (29) File: /work/fpga/rtl/ucore/ucrom.hex Line: 360
Warning (10230): Verilog HDL assignment warning at ucrom.hex(361): truncated value with size 32 to match size of target (29) File: /work/fpga/rtl/ucore/ucrom.hex Line: 361
Warning (10230): Verilog HDL assignment warning at ucrom.hex(362): truncated value with size 32 to match size of target (29) File: /work/fpga/rtl/ucore/ucrom.hex Line: 362
Warning (10230): Verilog HDL assignment warning at ucrom.hex(363): truncated value with size 32 to match size of target (29) File: /work/fpga/rtl/ucore/ucrom.hex Line: 363
Warning (10230): Verilog HDL assignment warning at ucrom.hex(364): truncated value with size 32 to match size of target (29) File: /work/fpga/rtl/ucore/ucrom.hex Line: 364
Warning (10230): Verilog HDL assignment warning at ucrom.hex(365): truncated value with size 32 to match size of target (29) File: /work/fpga/rtl/ucore/ucrom.hex Line: 365
Warning (10230): Verilog HDL assignment warning at ucrom.hex(366): truncated value with size 32 to match size of target (29) File: /work/fpga/rtl/ucore/ucrom.hex Line: 366
Warning (10230): Verilog HDL assignment warning at ucrom.hex(367): truncated value with size 32 to match size of target (29) File: /work/fpga/rtl/ucore/ucrom.hex Line: 367
Warning (10230): Verilog HDL assignment warning at ucrom.hex(368): truncated value with size 32 to match size of target (29) File: /work/fpga/rtl/ucore/ucrom.hex Line: 368
Warning (10230): Verilog HDL assignment warning at ucrom.hex(369): truncated value with size 32 to match size of target (29) File: /work/fpga/rtl/ucore/ucrom.hex Line: 369
Warning (10230): Verilog HDL assignment warning at ucrom.hex(370): truncated value with size 32 to match size of target (29) File: /work/fpga/rtl/ucore/ucrom.hex Line: 370
Warning (10230): Verilog HDL assignment warning at ucrom.hex(371): truncated value with size 32 to match size of target (29) File: /work/fpga/rtl/ucore/ucrom.hex Line: 371
Warning (10230): Verilog HDL assignment warning at ucrom.hex(372): truncated value with size 32 to match size of target (29) File: /work/fpga/rtl/ucore/ucrom.hex Line: 372
Warning (10230): Verilog HDL assignment warning at ucrom.hex(373): truncated value with size 32 to match size of target (29) File: /work/fpga/rtl/ucore/ucrom.hex Line: 373
Warning (10230): Verilog HDL assignment warning at ucrom.hex(374): truncated value with size 32 to match size of target (29) File: /work/fpga/rtl/ucore/ucrom.hex Line: 374
Warning (10230): Verilog HDL assignment warning at ucrom.hex(375): truncated value with size 32 to match size of target (29) File: /work/fpga/rtl/ucore/ucrom.hex Line: 375
Warning (10230): Verilog HDL assignment warning at ucrom.hex(376): truncated value with size 32 to match size of target (29) File: /work/fpga/rtl/ucore/ucrom.hex Line: 376
Warning (10230): Verilog HDL assignment warning at ucrom.hex(377): truncated value with size 32 to match size of target (29) File: /work/fpga/rtl/ucore/ucrom.hex Line: 377
Warning (10230): Verilog HDL assignment warning at ucrom.hex(378): truncated value with size 32 to match size of target (29) File: /work/fpga/rtl/ucore/ucrom.hex Line: 378
Warning (10230): Verilog HDL assignment warning at ucrom.hex(379): truncated value with size 32 to match size of target (29) File: /work/fpga/rtl/ucore/ucrom.hex Line: 379
Warning (10230): Verilog HDL assignment warning at ucrom.hex(380): truncated value with size 32 to match size of target (29) File: /work/fpga/rtl/ucore/ucrom.hex Line: 380
Warning (10230): Verilog HDL assignment warning at ucrom.hex(381): truncated value with size 32 to match size of target (29) File: /work/fpga/rtl/ucore/ucrom.hex Line: 381
Warning (10230): Verilog HDL assignment warning at ucrom.hex(382): truncated value with size 32 to match size of target (29) File: /work/fpga/rtl/ucore/ucrom.hex Line: 382
Warning (10230): Verilog HDL assignment warning at ucrom.hex(383): truncated value with size 32 to match size of target (29) File: /work/fpga/rtl/ucore/ucrom.hex Line: 383
Warning (10230): Verilog HDL assignment warning at ucrom.hex(384): truncated value with size 32 to match size of target (29) File: /work/fpga/rtl/ucore/ucrom.hex Line: 384
Warning (10230): Verilog HDL assignment warning at ucrom.hex(385): truncated value with size 32 to match size of target (29) File: /work/fpga/rtl/ucore/ucrom.hex Line: 385
Warning (10230): Verilog HDL assignment warning at ucrom.hex(386): truncated value with size 32 to match size of target (29) File: /work/fpga/rtl/ucore/ucrom.hex Line: 386
Warning (10230): Verilog HDL assignment warning at ucrom.hex(387): truncated value with size 32 to match size of target (29) File: /work/fpga/rtl/ucore/ucrom.hex Line: 387
Warning (10230): Verilog HDL assignment warning at ucrom.hex(388): truncated value with size 32 to match size of target (29) File: /work/fpga/rtl/ucore/ucrom.hex Line: 388
Warning (10230): Verilog HDL assignment warning at ucrom.hex(389): truncated value with size 32 to match size of target (29) File: /work/fpga/rtl/ucore/ucrom.hex Line: 389
Warning (10230): Verilog HDL assignment warning at ucrom.hex(390): truncated value with size 32 to match size of target (29) File: /work/fpga/rtl/ucore/ucrom.hex Line: 390
Warning (10230): Verilog HDL assignment warning at ucrom.hex(391): truncated value with size 32 to match size of target (29) File: /work/fpga/rtl/ucore/ucrom.hex Line: 391
Warning (10230): Verilog HDL assignment warning at ucrom.hex(392): truncated value with size 32 to match size of target (29) File: /work/fpga/rtl/ucore/ucrom.hex Line: 392
Warning (10230): Verilog HDL assignment warning at ucrom.hex(393): truncated value with size 32 to match size of target (29) File: /work/fpga/rtl/ucore/ucrom.hex Line: 393
Warning (10230): Verilog HDL assignment warning at ucrom.hex(394): truncated value with size 32 to match size of target (29) File: /work/fpga/rtl/ucore/ucrom.hex Line: 394
Warning (10230): Verilog HDL assignment warning at ucrom.hex(395): truncated value with size 32 to match size of target (29) File: /work/fpga/rtl/ucore/ucrom.hex Line: 395
Warning (10230): Verilog HDL assignment warning at ucrom.hex(396): truncated value with size 32 to match size of target (29) File: /work/fpga/rtl/ucore/ucrom.hex Line: 396
Warning (10230): Verilog HDL assignment warning at ucrom.hex(397): truncated value with size 32 to match size of target (29) File: /work/fpga/rtl/ucore/ucrom.hex Line: 397
Warning (10230): Verilog HDL assignment warning at ucrom.hex(398): truncated value with size 32 to match size of target (29) File: /work/fpga/rtl/ucore/ucrom.hex Line: 398
Warning (10230): Verilog HDL assignment warning at ucrom.hex(399): truncated value with size 32 to match size of target (29) File: /work/fpga/rtl/ucore/ucrom.hex Line: 399
Warning (10230): Verilog HDL assignment warning at ucrom.hex(400): truncated value with size 32 to match size of target (29) File: /work/fpga/rtl/ucore/ucrom.hex Line: 400
Warning (10230): Verilog HDL assignment warning at ucrom.hex(401): truncated value with size 32 to match size of target (29) File: /work/fpga/rtl/ucore/ucrom.hex Line: 401
Warning (10230): Verilog HDL assignment warning at ucrom.hex(402): truncated value with size 32 to match size of target (29) File: /work/fpga/rtl/ucore/ucrom.hex Line: 402
Warning (10230): Verilog HDL assignment warning at ucrom.hex(403): truncated value with size 32 to match size of target (29) File: /work/fpga/rtl/ucore/ucrom.hex Line: 403
Warning (10230): Verilog HDL assignment warning at ucrom.hex(404): truncated value with size 32 to match size of target (29) File: /work/fpga/rtl/ucore/ucrom.hex Line: 404
Warning (10230): Verilog HDL assignment warning at ucrom.hex(405): truncated value with size 32 to match size of target (29) File: /work/fpga/rtl/ucore/ucrom.hex Line: 405
Warning (10230): Verilog HDL assignment warning at ucrom.hex(406): truncated value with size 32 to match size of target (29) File: /work/fpga/rtl/ucore/ucrom.hex Line: 406
Warning (10230): Verilog HDL assignment warning at ucrom.hex(407): truncated value with size 32 to match size of target (29) File: /work/fpga/rtl/ucore/ucrom.hex Line: 407
Warning (10230): Verilog HDL assignment warning at ucrom.hex(408): truncated value with size 32 to match size of target (29) File: /work/fpga/rtl/ucore/ucrom.hex Line: 408
Warning (10230): Verilog HDL assignment warning at ucrom.hex(409): truncated value with size 32 to match size of target (29) File: /work/fpga/rtl/ucore/ucrom.hex Line: 409
Warning (10230): Verilog HDL assignment warning at ucrom.hex(410): truncated value with size 32 to match size of target (29) File: /work/fpga/rtl/ucore/ucrom.hex Line: 410
Warning (10230): Verilog HDL assignment warning at ucrom.hex(411): truncated value with size 32 to match size of target (29) File: /work/fpga/rtl/ucore/ucrom.hex Line: 411
Warning (10230): Verilog HDL assignment warning at ucrom.hex(412): truncated value with size 32 to match size of target (29) File: /work/fpga/rtl/ucore/ucrom.hex Line: 412
Warning (10230): Verilog HDL assignment warning at ucrom.hex(413): truncated value with size 32 to match size of target (29) File: /work/fpga/rtl/ucore/ucrom.hex Line: 413
Warning (10230): Verilog HDL assignment warning at ucrom.hex(414): truncated value with size 32 to match size of target (29) File: /work/fpga/rtl/ucore/ucrom.hex Line: 414
Warning (10230): Verilog HDL assignment warning at ucrom.hex(415): truncated value with size 32 to match size of target (29) File: /work/fpga/rtl/ucore/ucrom.hex Line: 415
Warning (10230): Verilog HDL assignment warning at ucrom.hex(416): truncated value with size 32 to match size of target (29) File: /work/fpga/rtl/ucore/ucrom.hex Line: 416
Warning (10230): Verilog HDL assignment warning at ucrom.hex(417): truncated value with size 32 to match size of target (29) File: /work/fpga/rtl/ucore/ucrom.hex Line: 417
Warning (10230): Verilog HDL assignment warning at ucrom.hex(418): truncated value with size 32 to match size of target (29) File: /work/fpga/rtl/ucore/ucrom.hex Line: 418
Warning (10230): Verilog HDL assignment warning at ucrom.hex(419): truncated value with size 32 to match size of target (29) File: /work/fpga/rtl/ucore/ucrom.hex Line: 419
Warning (10230): Verilog HDL assignment warning at ucrom.hex(420): truncated value with size 32 to match size of target (29) File: /work/fpga/rtl/ucore/ucrom.hex Line: 420
Warning (10230): Verilog HDL assignment warning at ucrom.hex(421): truncated value with size 32 to match size of target (29) File: /work/fpga/rtl/ucore/ucrom.hex Line: 421
Warning (10230): Verilog HDL assignment warning at ucrom.hex(422): truncated value with size 32 to match size of target (29) File: /work/fpga/rtl/ucore/ucrom.hex Line: 422
Warning (10230): Verilog HDL assignment warning at ucrom.hex(423): truncated value with size 32 to match size of target (29) File: /work/fpga/rtl/ucore/ucrom.hex Line: 423
Warning (10230): Verilog HDL assignment warning at ucrom.hex(424): truncated value with size 32 to match size of target (29) File: /work/fpga/rtl/ucore/ucrom.hex Line: 424
Warning (10230): Verilog HDL assignment warning at ucrom.hex(425): truncated value with size 32 to match size of target (29) File: /work/fpga/rtl/ucore/ucrom.hex Line: 425
Warning (10230): Verilog HDL assignment warning at ucrom.hex(426): truncated value with size 32 to match size of target (29) File: /work/fpga/rtl/ucore/ucrom.hex Line: 426
Warning (10230): Verilog HDL assignment warning at ucrom.hex(427): truncated value with size 32 to match size of target (29) File: /work/fpga/rtl/ucore/ucrom.hex Line: 427
Warning (10230): Verilog HDL assignment warning at ucrom.hex(428): truncated value with size 32 to match size of target (29) File: /work/fpga/rtl/ucore/ucrom.hex Line: 428
Warning (10230): Verilog HDL assignment warning at ucrom.hex(429): truncated value with size 32 to match size of target (29) File: /work/fpga/rtl/ucore/ucrom.hex Line: 429
Warning (10230): Verilog HDL assignment warning at ucrom.hex(430): truncated value with size 32 to match size of target (29) File: /work/fpga/rtl/ucore/ucrom.hex Line: 430
Warning (10230): Verilog HDL assignment warning at ucrom.hex(431): truncated value with size 32 to match size of target (29) File: /work/fpga/rtl/ucore/ucrom.hex Line: 431
Warning (10230): Verilog HDL assignment warning at ucrom.hex(432): truncated value with size 32 to match size of target (29) File: /work/fpga/rtl/ucore/ucrom.hex Line: 432
Warning (10230): Verilog HDL assignment warning at ucrom.hex(433): truncated value with size 32 to match size of target (29) File: /work/fpga/rtl/ucore/ucrom.hex Line: 433
Warning (10230): Verilog HDL assignment warning at ucrom.hex(434): truncated value with size 32 to match size of target (29) File: /work/fpga/rtl/ucore/ucrom.hex Line: 434
Warning (10230): Verilog HDL assignment warning at ucrom.hex(435): truncated value with size 32 to match size of target (29) File: /work/fpga/rtl/ucore/ucrom.hex Line: 435
Warning (10230): Verilog HDL assignment warning at ucrom.hex(436): truncated value with size 32 to match size of target (29) File: /work/fpga/rtl/ucore/ucrom.hex Line: 436
Warning (10230): Verilog HDL assignment warning at ucrom.hex(437): truncated value with size 32 to match size of target (29) File: /work/fpga/rtl/ucore/ucrom.hex Line: 437
Warning (10230): Verilog HDL assignment warning at ucrom.hex(438): truncated value with size 32 to match size of target (29) File: /work/fpga/rtl/ucore/ucrom.hex Line: 438
Warning (10230): Verilog HDL assignment warning at ucrom.hex(439): truncated value with size 32 to match size of target (29) File: /work/fpga/rtl/ucore/ucrom.hex Line: 439
Warning (10230): Verilog HDL assignment warning at ucrom.hex(440): truncated value with size 32 to match size of target (29) File: /work/fpga/rtl/ucore/ucrom.hex Line: 440
Warning (10230): Verilog HDL assignment warning at ucrom.hex(441): truncated value with size 32 to match size of target (29) File: /work/fpga/rtl/ucore/ucrom.hex Line: 441
Warning (10230): Verilog HDL assignment warning at ucrom.hex(442): truncated value with size 32 to match size of target (29) File: /work/fpga/rtl/ucore/ucrom.hex Line: 442
Warning (10230): Verilog HDL assignment warning at ucrom.hex(443): truncated value with size 32 to match size of target (29) File: /work/fpga/rtl/ucore/ucrom.hex Line: 443
Warning (10230): Verilog HDL assignment warning at ucrom.hex(444): truncated value with size 32 to match size of target (29) File: /work/fpga/rtl/ucore/ucrom.hex Line: 444
Warning (10230): Verilog HDL assignment warning at ucrom.hex(445): truncated value with size 32 to match size of target (29) File: /work/fpga/rtl/ucore/ucrom.hex Line: 445
Warning (10230): Verilog HDL assignment warning at ucrom.hex(446): truncated value with size 32 to match size of target (29) File: /work/fpga/rtl/ucore/ucrom.hex Line: 446
Warning (10230): Verilog HDL assignment warning at ucrom.hex(447): truncated value with size 32 to match size of target (29) File: /work/fpga/rtl/ucore/ucrom.hex Line: 447
Warning (10230): Verilog HDL assignment warning at ucrom.hex(448): truncated value with size 32 to match size of target (29) File: /work/fpga/rtl/ucore/ucrom.hex Line: 448
Warning (10230): Verilog HDL assignment warning at ucrom.hex(449): truncated value with size 32 to match size of target (29) File: /work/fpga/rtl/ucore/ucrom.hex Line: 449
Warning (10230): Verilog HDL assignment warning at ucrom.hex(450): truncated value with size 32 to match size of target (29) File: /work/fpga/rtl/ucore/ucrom.hex Line: 450
Warning (10230): Verilog HDL assignment warning at ucrom.hex(451): truncated value with size 32 to match size of target (29) File: /work/fpga/rtl/ucore/ucrom.hex Line: 451
Warning (10230): Verilog HDL assignment warning at ucrom.hex(452): truncated value with size 32 to match size of target (29) File: /work/fpga/rtl/ucore/ucrom.hex Line: 452
Warning (10230): Verilog HDL assignment warning at ucrom.hex(453): truncated value with size 32 to match size of target (29) File: /work/fpga/rtl/ucore/ucrom.hex Line: 453
Warning (10230): Verilog HDL assignment warning at ucrom.hex(454): truncated value with size 32 to match size of target (29) File: /work/fpga/rtl/ucore/ucrom.hex Line: 454
Warning (10230): Verilog HDL assignment warning at ucrom.hex(455): truncated value with size 32 to match size of target (29) File: /work/fpga/rtl/ucore/ucrom.hex Line: 455
Warning (10230): Verilog HDL assignment warning at ucrom.hex(456): truncated value with size 32 to match size of target (29) File: /work/fpga/rtl/ucore/ucrom.hex Line: 456
Warning (10230): Verilog HDL assignment warning at ucrom.hex(457): truncated value with size 32 to match size of target (29) File: /work/fpga/rtl/ucore/ucrom.hex Line: 457
Warning (10230): Verilog HDL assignment warning at ucrom.hex(458): truncated value with size 32 to match size of target (29) File: /work/fpga/rtl/ucore/ucrom.hex Line: 458
Warning (10230): Verilog HDL assignment warning at ucrom.hex(459): truncated value with size 32 to match size of target (29) File: /work/fpga/rtl/ucore/ucrom.hex Line: 459
Warning (10230): Verilog HDL assignment warning at ucrom.hex(460): truncated value with size 32 to match size of target (29) File: /work/fpga/rtl/ucore/ucrom.hex Line: 460
Warning (10230): Verilog HDL assignment warning at ucrom.hex(461): truncated value with size 32 to match size of target (29) File: /work/fpga/rtl/ucore/ucrom.hex Line: 461
Warning (10230): Verilog HDL assignment warning at ucrom.hex(462): truncated value with size 32 to match size of target (29) File: /work/fpga/rtl/ucore/ucrom.hex Line: 462
Warning (10230): Verilog HDL assignment warning at ucrom.hex(463): truncated value with size 32 to match size of target (29) File: /work/fpga/rtl/ucore/ucrom.hex Line: 463
Warning (10230): Verilog HDL assignment warning at ucrom.hex(464): truncated value with size 32 to match size of target (29) File: /work/fpga/rtl/ucore/ucrom.hex Line: 464
Warning (10230): Verilog HDL assignment warning at ucrom.hex(465): truncated value with size 32 to match size of target (29) File: /work/fpga/rtl/ucore/ucrom.hex Line: 465
Warning (10230): Verilog HDL assignment warning at ucrom.hex(466): truncated value with size 32 to match size of target (29) File: /work/fpga/rtl/ucore/ucrom.hex Line: 466
Warning (10230): Verilog HDL assignment warning at ucrom.hex(467): truncated value with size 32 to match size of target (29) File: /work/fpga/rtl/ucore/ucrom.hex Line: 467
Warning (10230): Verilog HDL assignment warning at ucrom.hex(468): truncated value with size 32 to match size of target (29) File: /work/fpga/rtl/ucore/ucrom.hex Line: 468
Warning (10230): Verilog HDL assignment warning at ucrom.hex(469): truncated value with size 32 to match size of target (29) File: /work/fpga/rtl/ucore/ucrom.hex Line: 469
Warning (10230): Verilog HDL assignment warning at ucrom.hex(470): truncated value with size 32 to match size of target (29) File: /work/fpga/rtl/ucore/ucrom.hex Line: 470
Warning (10230): Verilog HDL assignment warning at ucrom.hex(471): truncated value with size 32 to match size of target (29) File: /work/fpga/rtl/ucore/ucrom.hex Line: 471
Warning (10230): Verilog HDL assignment warning at ucrom.hex(472): truncated value with size 32 to match size of target (29) File: /work/fpga/rtl/ucore/ucrom.hex Line: 472
Warning (10230): Verilog HDL assignment warning at ucrom.hex(473): truncated value with size 32 to match size of target (29) File: /work/fpga/rtl/ucore/ucrom.hex Line: 473
Warning (10230): Verilog HDL assignment warning at ucrom.hex(474): truncated value with size 32 to match size of target (29) File: /work/fpga/rtl/ucore/ucrom.hex Line: 474
Warning (10230): Verilog HDL assignment warning at ucrom.hex(475): truncated value with size 32 to match size of target (29) File: /work/fpga/rtl/ucore/ucrom.hex Line: 475
Warning (10230): Verilog HDL assignment warning at ucrom.hex(476): truncated value with size 32 to match size of target (29) File: /work/fpga/rtl/ucore/ucrom.hex Line: 476
Warning (10230): Verilog HDL assignment warning at ucrom.hex(477): truncated value with size 32 to match size of target (29) File: /work/fpga/rtl/ucore/ucrom.hex Line: 477
Warning (10230): Verilog HDL assignment warning at ucrom.hex(478): truncated value with size 32 to match size of target (29) File: /work/fpga/rtl/ucore/ucrom.hex Line: 478
Warning (10230): Verilog HDL assignment warning at ucrom.hex(479): truncated value with size 32 to match size of target (29) File: /work/fpga/rtl/ucore/ucrom.hex Line: 479
Warning (10230): Verilog HDL assignment warning at ucrom.hex(480): truncated value with size 32 to match size of target (29) File: /work/fpga/rtl/ucore/ucrom.hex Line: 480
Warning (10230): Verilog HDL assignment warning at ucrom.hex(481): truncated value with size 32 to match size of target (29) File: /work/fpga/rtl/ucore/ucrom.hex Line: 481
Warning (10230): Verilog HDL assignment warning at ucrom.hex(482): truncated value with size 32 to match size of target (29) File: /work/fpga/rtl/ucore/ucrom.hex Line: 482
Warning (10230): Verilog HDL assignment warning at ucrom.hex(483): truncated value with size 32 to match size of target (29) File: /work/fpga/rtl/ucore/ucrom.hex Line: 483
Warning (10230): Verilog HDL assignment warning at ucrom.hex(484): truncated value with size 32 to match size of target (29) File: /work/fpga/rtl/ucore/ucrom.hex Line: 484
Warning (10230): Verilog HDL assignment warning at ucrom.hex(485): truncated value with size 32 to match size of target (29) File: /work/fpga/rtl/ucore/ucrom.hex Line: 485
Warning (10230): Verilog HDL assignment warning at ucrom.hex(486): truncated value with size 32 to match size of target (29) File: /work/fpga/rtl/ucore/ucrom.hex Line: 486
Warning (10230): Verilog HDL assignment warning at ucrom.hex(487): truncated value with size 32 to match size of target (29) File: /work/fpga/rtl/ucore/ucrom.hex Line: 487
Warning (10230): Verilog HDL assignment warning at ucrom.hex(488): truncated value with size 32 to match size of target (29) File: /work/fpga/rtl/ucore/ucrom.hex Line: 488
Warning (10230): Verilog HDL assignment warning at ucrom.hex(489): truncated value with size 32 to match size of target (29) File: /work/fpga/rtl/ucore/ucrom.hex Line: 489
Warning (10230): Verilog HDL assignment warning at ucrom.hex(490): truncated value with size 32 to match size of target (29) File: /work/fpga/rtl/ucore/ucrom.hex Line: 490
Warning (10230): Verilog HDL assignment warning at ucrom.hex(491): truncated value with size 32 to match size of target (29) File: /work/fpga/rtl/ucore/ucrom.hex Line: 491
Warning (10230): Verilog HDL assignment warning at ucrom.hex(492): truncated value with size 32 to match size of target (29) File: /work/fpga/rtl/ucore/ucrom.hex Line: 492
Warning (10230): Verilog HDL assignment warning at ucrom.hex(493): truncated value with size 32 to match size of target (29) File: /work/fpga/rtl/ucore/ucrom.hex Line: 493
Warning (10230): Verilog HDL assignment warning at ucrom.hex(494): truncated value with size 32 to match size of target (29) File: /work/fpga/rtl/ucore/ucrom.hex Line: 494
Warning (10230): Verilog HDL assignment warning at ucrom.hex(495): truncated value with size 32 to match size of target (29) File: /work/fpga/rtl/ucore/ucrom.hex Line: 495
Warning (10230): Verilog HDL assignment warning at ucrom.hex(496): truncated value with size 32 to match size of target (29) File: /work/fpga/rtl/ucore/ucrom.hex Line: 496
Warning (10230): Verilog HDL assignment warning at ucrom.hex(497): truncated value with size 32 to match size of target (29) File: /work/fpga/rtl/ucore/ucrom.hex Line: 497
Warning (10230): Verilog HDL assignment warning at ucrom.hex(498): truncated value with size 32 to match size of target (29) File: /work/fpga/rtl/ucore/ucrom.hex Line: 498
Warning (10230): Verilog HDL assignment warning at ucrom.hex(499): truncated value with size 32 to match size of target (29) File: /work/fpga/rtl/ucore/ucrom.hex Line: 499
Warning (10230): Verilog HDL assignment warning at ucrom.hex(500): truncated value with size 32 to match size of target (29) File: /work/fpga/rtl/ucore/ucrom.hex Line: 500
Warning (10230): Verilog HDL assignment warning at ucrom.hex(501): truncated value with size 32 to match size of target (29) File: /work/fpga/rtl/ucore/ucrom.hex Line: 501
Warning (10230): Verilog HDL assignment warning at ucrom.hex(502): truncated value with size 32 to match size of target (29) File: /work/fpga/rtl/ucore/ucrom.hex Line: 502
Warning (10230): Verilog HDL assignment warning at ucrom.hex(503): truncated value with size 32 to match size of target (29) File: /work/fpga/rtl/ucore/ucrom.hex Line: 503
Warning (10230): Verilog HDL assignment warning at ucrom.hex(504): truncated value with size 32 to match size of target (29) File: /work/fpga/rtl/ucore/ucrom.hex Line: 504
Warning (10230): Verilog HDL assignment warning at ucrom.hex(505): truncated value with size 32 to match size of target (29) File: /work/fpga/rtl/ucore/ucrom.hex Line: 505
Warning (10230): Verilog HDL assignment warning at ucrom.hex(506): truncated value with size 32 to match size of target (29) File: /work/fpga/rtl/ucore/ucrom.hex Line: 506
Warning (10230): Verilog HDL assignment warning at ucrom.hex(507): truncated value with size 32 to match size of target (29) File: /work/fpga/rtl/ucore/ucrom.hex Line: 507
Warning (10230): Verilog HDL assignment warning at ucrom.hex(508): truncated value with size 32 to match size of target (29) File: /work/fpga/rtl/ucore/ucrom.hex Line: 508
Warning (10230): Verilog HDL assignment warning at ucrom.hex(509): truncated value with size 32 to match size of target (29) File: /work/fpga/rtl/ucore/ucrom.hex Line: 509
Warning (10230): Verilog HDL assignment warning at ucrom.hex(510): truncated value with size 32 to match size of target (29) File: /work/fpga/rtl/ucore/ucrom.hex Line: 510
Warning (10230): Verilog HDL assignment warning at ucrom.hex(511): truncated value with size 32 to match size of target (29) File: /work/fpga/rtl/ucore/ucrom.hex Line: 511
Warning (10230): Verilog HDL assignment warning at ucrom.hex(512): truncated value with size 32 to match size of target (29) File: /work/fpga/rtl/ucore/ucrom.hex Line: 512
Warning (10230): Verilog HDL assignment warning at ucrom.hex(513): truncated value with size 32 to match size of target (29) File: /work/fpga/rtl/ucore/ucrom.hex Line: 513
Warning (10230): Verilog HDL assignment warning at ucrom.hex(514): truncated value with size 32 to match size of target (29) File: /work/fpga/rtl/ucore/ucrom.hex Line: 514
Warning (10230): Verilog HDL assignment warning at ucrom.hex(515): truncated value with size 32 to match size of target (29) File: /work/fpga/rtl/ucore/ucrom.hex Line: 515
Warning (10230): Verilog HDL assignment warning at ucrom.hex(516): truncated value with size 32 to match size of target (29) File: /work/fpga/rtl/ucore/ucrom.hex Line: 516
Warning (10230): Verilog HDL assignment warning at ucrom.hex(517): truncated value with size 32 to match size of target (29) File: /work/fpga/rtl/ucore/ucrom.hex Line: 517
Warning (10230): Verilog HDL assignment warning at ucrom.hex(518): truncated value with size 32 to match size of target (29) File: /work/fpga/rtl/ucore/ucrom.hex Line: 518
Warning (10230): Verilog HDL assignment warning at ucrom.hex(519): truncated value with size 32 to match size of target (29) File: /work/fpga/rtl/ucore/ucrom.hex Line: 519
Warning (10230): Verilog HDL assignment warning at ucrom.hex(520): truncated value with size 32 to match size of target (29) File: /work/fpga/rtl/ucore/ucrom.hex Line: 520
Warning (10230): Verilog HDL assignment warning at ucrom.hex(521): truncated value with size 32 to match size of target (29) File: /work/fpga/rtl/ucore/ucrom.hex Line: 521
Warning (10230): Verilog HDL assignment warning at ucrom.hex(522): truncated value with size 32 to match size of target (29) File: /work/fpga/rtl/ucore/ucrom.hex Line: 522
Warning (10230): Verilog HDL assignment warning at ucrom.hex(523): truncated value with size 32 to match size of target (29) File: /work/fpga/rtl/ucore/ucrom.hex Line: 523
Warning (10230): Verilog HDL assignment warning at ucrom.hex(524): truncated value with size 32 to match size of target (29) File: /work/fpga/rtl/ucore/ucrom.hex Line: 524
Warning (10230): Verilog HDL assignment warning at ucrom.hex(525): truncated value with size 32 to match size of target (29) File: /work/fpga/rtl/ucore/ucrom.hex Line: 525
Warning (10230): Verilog HDL assignment warning at ucrom.hex(526): truncated value with size 32 to match size of target (29) File: /work/fpga/rtl/ucore/ucrom.hex Line: 526
Warning (10230): Verilog HDL assignment warning at ucrom.hex(527): truncated value with size 32 to match size of target (29) File: /work/fpga/rtl/ucore/ucrom.hex Line: 527
Warning (10230): Verilog HDL assignment warning at ucrom.hex(528): truncated value with size 32 to match size of target (29) File: /work/fpga/rtl/ucore/ucrom.hex Line: 528
Warning (10230): Verilog HDL assignment warning at ucrom.hex(529): truncated value with size 32 to match size of target (29) File: /work/fpga/rtl/ucore/ucrom.hex Line: 529
Warning (10230): Verilog HDL assignment warning at ucrom.hex(530): truncated value with size 32 to match size of target (29) File: /work/fpga/rtl/ucore/ucrom.hex Line: 530
Warning (10230): Verilog HDL assignment warning at ucrom.hex(531): truncated value with size 32 to match size of target (29) File: /work/fpga/rtl/ucore/ucrom.hex Line: 531
Warning (10230): Verilog HDL assignment warning at ucrom.hex(532): truncated value with size 32 to match size of target (29) File: /work/fpga/rtl/ucore/ucrom.hex Line: 532
Warning (10230): Verilog HDL assignment warning at ucrom.hex(533): truncated value with size 32 to match size of target (29) File: /work/fpga/rtl/ucore/ucrom.hex Line: 533
Warning (10230): Verilog HDL assignment warning at ucrom.hex(534): truncated value with size 32 to match size of target (29) File: /work/fpga/rtl/ucore/ucrom.hex Line: 534
Warning (10230): Verilog HDL assignment warning at ucrom.hex(535): truncated value with size 32 to match size of target (29) File: /work/fpga/rtl/ucore/ucrom.hex Line: 535
Warning (10230): Verilog HDL assignment warning at ucrom.hex(536): truncated value with size 32 to match size of target (29) File: /work/fpga/rtl/ucore/ucrom.hex Line: 536
Warning (10230): Verilog HDL assignment warning at ucrom.hex(537): truncated value with size 32 to match size of target (29) File: /work/fpga/rtl/ucore/ucrom.hex Line: 537
Warning (10230): Verilog HDL assignment warning at ucrom.hex(538): truncated value with size 32 to match size of target (29) File: /work/fpga/rtl/ucore/ucrom.hex Line: 538
Warning (10230): Verilog HDL assignment warning at ucrom.hex(539): truncated value with size 32 to match size of target (29) File: /work/fpga/rtl/ucore/ucrom.hex Line: 539
Warning (10230): Verilog HDL assignment warning at ucrom.hex(540): truncated value with size 32 to match size of target (29) File: /work/fpga/rtl/ucore/ucrom.hex Line: 540
Warning (10230): Verilog HDL assignment warning at ucrom.hex(541): truncated value with size 32 to match size of target (29) File: /work/fpga/rtl/ucore/ucrom.hex Line: 541
Warning (10230): Verilog HDL assignment warning at ucrom.hex(542): truncated value with size 32 to match size of target (29) File: /work/fpga/rtl/ucore/ucrom.hex Line: 542
Warning (10230): Verilog HDL assignment warning at ucrom.hex(543): truncated value with size 32 to match size of target (29) File: /work/fpga/rtl/ucore/ucrom.hex Line: 543
Warning (10230): Verilog HDL assignment warning at ucrom.hex(544): truncated value with size 32 to match size of target (29) File: /work/fpga/rtl/ucore/ucrom.hex Line: 544
Warning (10230): Verilog HDL assignment warning at ucrom.hex(545): truncated value with size 32 to match size of target (29) File: /work/fpga/rtl/ucore/ucrom.hex Line: 545
Warning (10230): Verilog HDL assignment warning at ucrom.hex(546): truncated value with size 32 to match size of target (29) File: /work/fpga/rtl/ucore/ucrom.hex Line: 546
Warning (10230): Verilog HDL assignment warning at ucrom.hex(547): truncated value with size 32 to match size of target (29) File: /work/fpga/rtl/ucore/ucrom.hex Line: 547
Warning (10230): Verilog HDL assignment warning at ucrom.hex(548): truncated value with size 32 to match size of target (29) File: /work/fpga/rtl/ucore/ucrom.hex Line: 548
Warning (10230): Verilog HDL assignment warning at ucrom.hex(549): truncated value with size 32 to match size of target (29) File: /work/fpga/rtl/ucore/ucrom.hex Line: 549
Warning (10230): Verilog HDL assignment warning at ucrom.hex(550): truncated value with size 32 to match size of target (29) File: /work/fpga/rtl/ucore/ucrom.hex Line: 550
Warning (10230): Verilog HDL assignment warning at ucrom.hex(551): truncated value with size 32 to match size of target (29) File: /work/fpga/rtl/ucore/ucrom.hex Line: 551
Warning (10230): Verilog HDL assignment warning at ucrom.hex(552): truncated value with size 32 to match size of target (29) File: /work/fpga/rtl/ucore/ucrom.hex Line: 552
Warning (10230): Verilog HDL assignment warning at ucrom.hex(553): truncated value with size 32 to match size of target (29) File: /work/fpga/rtl/ucore/ucrom.hex Line: 553
Warning (10230): Verilog HDL assignment warning at ucrom.hex(554): truncated value with size 32 to match size of target (29) File: /work/fpga/rtl/ucore/ucrom.hex Line: 554
Warning (10230): Verilog HDL assignment warning at ucrom.hex(555): truncated value with size 32 to match size of target (29) File: /work/fpga/rtl/ucore/ucrom.hex Line: 555
Warning (10230): Verilog HDL assignment warning at ucrom.hex(556): truncated value with size 32 to match size of target (29) File: /work/fpga/rtl/ucore/ucrom.hex Line: 556
Warning (10230): Verilog HDL assignment warning at ucrom.hex(557): truncated value with size 32 to match size of target (29) File: /work/fpga/rtl/ucore/ucrom.hex Line: 557
Warning (10230): Verilog HDL assignment warning at ucrom.hex(558): truncated value with size 32 to match size of target (29) File: /work/fpga/rtl/ucore/ucrom.hex Line: 558
Warning (10230): Verilog HDL assignment warning at ucrom.hex(559): truncated value with size 32 to match size of target (29) File: /work/fpga/rtl/ucore/ucrom.hex Line: 559
Warning (10230): Verilog HDL assignment warning at ucrom.hex(560): truncated value with size 32 to match size of target (29) File: /work/fpga/rtl/ucore/ucrom.hex Line: 560
Warning (10230): Verilog HDL assignment warning at ucrom.hex(561): truncated value with size 32 to match size of target (29) File: /work/fpga/rtl/ucore/ucrom.hex Line: 561
Warning (10230): Verilog HDL assignment warning at ucrom.hex(562): truncated value with size 32 to match size of target (29) File: /work/fpga/rtl/ucore/ucrom.hex Line: 562
Warning (10230): Verilog HDL assignment warning at ucrom.hex(563): truncated value with size 32 to match size of target (29) File: /work/fpga/rtl/ucore/ucrom.hex Line: 563
Warning (10230): Verilog HDL assignment warning at ucrom.hex(564): truncated value with size 32 to match size of target (29) File: /work/fpga/rtl/ucore/ucrom.hex Line: 564
Warning (10230): Verilog HDL assignment warning at ucrom.hex(565): truncated value with size 32 to match size of target (29) File: /work/fpga/rtl/ucore/ucrom.hex Line: 565
Warning (10230): Verilog HDL assignment warning at ucrom.hex(566): truncated value with size 32 to match size of target (29) File: /work/fpga/rtl/ucore/ucrom.hex Line: 566
Warning (10230): Verilog HDL assignment warning at ucrom.hex(567): truncated value with size 32 to match size of target (29) File: /work/fpga/rtl/ucore/ucrom.hex Line: 567
Warning (10230): Verilog HDL assignment warning at ucrom.hex(568): truncated value with size 32 to match size of target (29) File: /work/fpga/rtl/ucore/ucrom.hex Line: 568
Warning (10230): Verilog HDL assignment warning at ucrom.hex(569): truncated value with size 32 to match size of target (29) File: /work/fpga/rtl/ucore/ucrom.hex Line: 569
Warning (10230): Verilog HDL assignment warning at ucrom.hex(570): truncated value with size 32 to match size of target (29) File: /work/fpga/rtl/ucore/ucrom.hex Line: 570
Warning (10230): Verilog HDL assignment warning at ucrom.hex(571): truncated value with size 32 to match size of target (29) File: /work/fpga/rtl/ucore/ucrom.hex Line: 571
Warning (10230): Verilog HDL assignment warning at ucrom.hex(572): truncated value with size 32 to match size of target (29) File: /work/fpga/rtl/ucore/ucrom.hex Line: 572
Warning (10230): Verilog HDL assignment warning at ucrom.hex(573): truncated value with size 32 to match size of target (29) File: /work/fpga/rtl/ucore/ucrom.hex Line: 573
Warning (10230): Verilog HDL assignment warning at ucrom.hex(574): truncated value with size 32 to match size of target (29) File: /work/fpga/rtl/ucore/ucrom.hex Line: 574
Warning (10230): Verilog HDL assignment warning at ucrom.hex(575): truncated value with size 32 to match size of target (29) File: /work/fpga/rtl/ucore/ucrom.hex Line: 575
Warning (10230): Verilog HDL assignment warning at ucrom.hex(576): truncated value with size 32 to match size of target (29) File: /work/fpga/rtl/ucore/ucrom.hex Line: 576
Warning (10230): Verilog HDL assignment warning at ucrom.hex(577): truncated value with size 32 to match size of target (29) File: /work/fpga/rtl/ucore/ucrom.hex Line: 577
Warning (10230): Verilog HDL assignment warning at ucrom.hex(578): truncated value with size 32 to match size of target (29) File: /work/fpga/rtl/ucore/ucrom.hex Line: 578
Warning (10230): Verilog HDL assignment warning at ucrom.hex(579): truncated value with size 32 to match size of target (29) File: /work/fpga/rtl/ucore/ucrom.hex Line: 579
Warning (10230): Verilog HDL assignment warning at ucrom.hex(580): truncated value with size 32 to match size of target (29) File: /work/fpga/rtl/ucore/ucrom.hex Line: 580
Warning (10230): Verilog HDL assignment warning at ucrom.hex(581): truncated value with size 32 to match size of target (29) File: /work/fpga/rtl/ucore/ucrom.hex Line: 581
Warning (10230): Verilog HDL assignment warning at ucrom.hex(582): truncated value with size 32 to match size of target (29) File: /work/fpga/rtl/ucore/ucrom.hex Line: 582
Warning (10230): Verilog HDL assignment warning at ucrom.hex(583): truncated value with size 32 to match size of target (29) File: /work/fpga/rtl/ucore/ucrom.hex Line: 583
Warning (10230): Verilog HDL assignment warning at ucrom.hex(584): truncated value with size 32 to match size of target (29) File: /work/fpga/rtl/ucore/ucrom.hex Line: 584
Warning (10230): Verilog HDL assignment warning at ucrom.hex(585): truncated value with size 32 to match size of target (29) File: /work/fpga/rtl/ucore/ucrom.hex Line: 585
Warning (10230): Verilog HDL assignment warning at ucrom.hex(586): truncated value with size 32 to match size of target (29) File: /work/fpga/rtl/ucore/ucrom.hex Line: 586
Warning (10230): Verilog HDL assignment warning at ucrom.hex(587): truncated value with size 32 to match size of target (29) File: /work/fpga/rtl/ucore/ucrom.hex Line: 587
Warning (10230): Verilog HDL assignment warning at ucrom.hex(588): truncated value with size 32 to match size of target (29) File: /work/fpga/rtl/ucore/ucrom.hex Line: 588
Warning (10230): Verilog HDL assignment warning at ucrom.hex(589): truncated value with size 32 to match size of target (29) File: /work/fpga/rtl/ucore/ucrom.hex Line: 589
Warning (10230): Verilog HDL assignment warning at ucrom.hex(590): truncated value with size 32 to match size of target (29) File: /work/fpga/rtl/ucore/ucrom.hex Line: 590
Warning (10230): Verilog HDL assignment warning at ucrom.hex(591): truncated value with size 32 to match size of target (29) File: /work/fpga/rtl/ucore/ucrom.hex Line: 591
Warning (10230): Verilog HDL assignment warning at ucrom.hex(592): truncated value with size 32 to match size of target (29) File: /work/fpga/rtl/ucore/ucrom.hex Line: 592
Warning (10230): Verilog HDL assignment warning at ucrom.hex(593): truncated value with size 32 to match size of target (29) File: /work/fpga/rtl/ucore/ucrom.hex Line: 593
Warning (10230): Verilog HDL assignment warning at ucrom.hex(594): truncated value with size 32 to match size of target (29) File: /work/fpga/rtl/ucore/ucrom.hex Line: 594
Warning (10230): Verilog HDL assignment warning at ucrom.hex(595): truncated value with size 32 to match size of target (29) File: /work/fpga/rtl/ucore/ucrom.hex Line: 595
Warning (10230): Verilog HDL assignment warning at ucrom.hex(596): truncated value with size 32 to match size of target (29) File: /work/fpga/rtl/ucore/ucrom.hex Line: 596
Warning (10230): Verilog HDL assignment warning at ucrom.hex(597): truncated value with size 32 to match size of target (29) File: /work/fpga/rtl/ucore/ucrom.hex Line: 597
Warning (10230): Verilog HDL assignment warning at ucrom.hex(598): truncated value with size 32 to match size of target (29) File: /work/fpga/rtl/ucore/ucrom.hex Line: 598
Warning (10230): Verilog HDL assignment warning at ucrom.hex(599): truncated value with size 32 to match size of target (29) File: /work/fpga/rtl/ucore/ucrom.hex Line: 599
Warning (10230): Verilog HDL assignment warning at ucrom.hex(600): truncated value with size 32 to match size of target (29) File: /work/fpga/rtl/ucore/ucrom.hex Line: 600
Warning (10230): Verilog HDL assignment warning at ucrom.hex(601): truncated value with size 32 to match size of target (29) File: /work/fpga/rtl/ucore/ucrom.hex Line: 601
Warning (10230): Verilog HDL assignment warning at ucrom.hex(602): truncated value with size 32 to match size of target (29) File: /work/fpga/rtl/ucore/ucrom.hex Line: 602
Warning (10230): Verilog HDL assignment warning at ucrom.hex(603): truncated value with size 32 to match size of target (29) File: /work/fpga/rtl/ucore/ucrom.hex Line: 603
Warning (10230): Verilog HDL assignment warning at ucrom.hex(604): truncated value with size 32 to match size of target (29) File: /work/fpga/rtl/ucore/ucrom.hex Line: 604
Warning (10230): Verilog HDL assignment warning at ucrom.hex(605): truncated value with size 32 to match size of target (29) File: /work/fpga/rtl/ucore/ucrom.hex Line: 605
Warning (10230): Verilog HDL assignment warning at ucrom.hex(606): truncated value with size 32 to match size of target (29) File: /work/fpga/rtl/ucore/ucrom.hex Line: 606
Warning (10230): Verilog HDL assignment warning at ucrom.hex(607): truncated value with size 32 to match size of target (29) File: /work/fpga/rtl/ucore/ucrom.hex Line: 607
Warning (10230): Verilog HDL assignment warning at ucrom.hex(608): truncated value with size 32 to match size of target (29) File: /work/fpga/rtl/ucore/ucrom.hex Line: 608
Warning (10230): Verilog HDL assignment warning at ucrom.hex(609): truncated value with size 32 to match size of target (29) File: /work/fpga/rtl/ucore/ucrom.hex Line: 609
Warning (10230): Verilog HDL assignment warning at ucrom.hex(610): truncated value with size 32 to match size of target (29) File: /work/fpga/rtl/ucore/ucrom.hex Line: 610
Warning (10230): Verilog HDL assignment warning at ucrom.hex(611): truncated value with size 32 to match size of target (29) File: /work/fpga/rtl/ucore/ucrom.hex Line: 611
Warning (10230): Verilog HDL assignment warning at ucrom.hex(612): truncated value with size 32 to match size of target (29) File: /work/fpga/rtl/ucore/ucrom.hex Line: 612
Warning (10230): Verilog HDL assignment warning at ucrom.hex(613): truncated value with size 32 to match size of target (29) File: /work/fpga/rtl/ucore/ucrom.hex Line: 613
Warning (10230): Verilog HDL assignment warning at ucrom.hex(614): truncated value with size 32 to match size of target (29) File: /work/fpga/rtl/ucore/ucrom.hex Line: 614
Warning (10230): Verilog HDL assignment warning at ucrom.hex(615): truncated value with size 32 to match size of target (29) File: /work/fpga/rtl/ucore/ucrom.hex Line: 615
Warning (10230): Verilog HDL assignment warning at ucrom.hex(616): truncated value with size 32 to match size of target (29) File: /work/fpga/rtl/ucore/ucrom.hex Line: 616
Warning (10230): Verilog HDL assignment warning at ucrom.hex(617): truncated value with size 32 to match size of target (29) File: /work/fpga/rtl/ucore/ucrom.hex Line: 617
Warning (10230): Verilog HDL assignment warning at ucrom.hex(618): truncated value with size 32 to match size of target (29) File: /work/fpga/rtl/ucore/ucrom.hex Line: 618
Warning (10230): Verilog HDL assignment warning at ucrom.hex(619): truncated value with size 32 to match size of target (29) File: /work/fpga/rtl/ucore/ucrom.hex Line: 619
Warning (10230): Verilog HDL assignment warning at ucrom.hex(620): truncated value with size 32 to match size of target (29) File: /work/fpga/rtl/ucore/ucrom.hex Line: 620
Warning (10230): Verilog HDL assignment warning at ucrom.hex(621): truncated value with size 32 to match size of target (29) File: /work/fpga/rtl/ucore/ucrom.hex Line: 621
Warning (10230): Verilog HDL assignment warning at ucrom.hex(622): truncated value with size 32 to match size of target (29) File: /work/fpga/rtl/ucore/ucrom.hex Line: 622
Warning (10230): Verilog HDL assignment warning at ucrom.hex(623): truncated value with size 32 to match size of target (29) File: /work/fpga/rtl/ucore/ucrom.hex Line: 623
Warning (10230): Verilog HDL assignment warning at ucrom.hex(624): truncated value with size 32 to match size of target (29) File: /work/fpga/rtl/ucore/ucrom.hex Line: 624
Warning (10230): Verilog HDL assignment warning at ucrom.hex(625): truncated value with size 32 to match size of target (29) File: /work/fpga/rtl/ucore/ucrom.hex Line: 625
Warning (10230): Verilog HDL assignment warning at ucrom.hex(626): truncated value with size 32 to match size of target (29) File: /work/fpga/rtl/ucore/ucrom.hex Line: 626
Warning (10230): Verilog HDL assignment warning at ucrom.hex(627): truncated value with size 32 to match size of target (29) File: /work/fpga/rtl/ucore/ucrom.hex Line: 627
Warning (10230): Verilog HDL assignment warning at ucrom.hex(628): truncated value with size 32 to match size of target (29) File: /work/fpga/rtl/ucore/ucrom.hex Line: 628
Warning (10230): Verilog HDL assignment warning at ucrom.hex(629): truncated value with size 32 to match size of target (29) File: /work/fpga/rtl/ucore/ucrom.hex Line: 629
Warning (10230): Verilog HDL assignment warning at ucrom.hex(630): truncated value with size 32 to match size of target (29) File: /work/fpga/rtl/ucore/ucrom.hex Line: 630
Warning (10230): Verilog HDL assignment warning at ucrom.hex(631): truncated value with size 32 to match size of target (29) File: /work/fpga/rtl/ucore/ucrom.hex Line: 631
Warning (10230): Verilog HDL assignment warning at ucrom.hex(632): truncated value with size 32 to match size of target (29) File: /work/fpga/rtl/ucore/ucrom.hex Line: 632
Warning (10230): Verilog HDL assignment warning at ucrom.hex(633): truncated value with size 32 to match size of target (29) File: /work/fpga/rtl/ucore/ucrom.hex Line: 633
Warning (10230): Verilog HDL assignment warning at ucrom.hex(634): truncated value with size 32 to match size of target (29) File: /work/fpga/rtl/ucore/ucrom.hex Line: 634
Warning (10230): Verilog HDL assignment warning at ucrom.hex(635): truncated value with size 32 to match size of target (29) File: /work/fpga/rtl/ucore/ucrom.hex Line: 635
Warning (10230): Verilog HDL assignment warning at ucrom.hex(636): truncated value with size 32 to match size of target (29) File: /work/fpga/rtl/ucore/ucrom.hex Line: 636
Warning (10230): Verilog HDL assignment warning at ucrom.hex(637): truncated value with size 32 to match size of target (29) File: /work/fpga/rtl/ucore/ucrom.hex Line: 637
Warning (10230): Verilog HDL assignment warning at ucrom.hex(638): truncated value with size 32 to match size of target (29) File: /work/fpga/rtl/ucore/ucrom.hex Line: 638
Warning (10230): Verilog HDL assignment warning at ucrom.hex(639): truncated value with size 32 to match size of target (29) File: /work/fpga/rtl/ucore/ucrom.hex Line: 639
Warning (10230): Verilog HDL assignment warning at ucrom.hex(640): truncated value with size 32 to match size of target (29) File: /work/fpga/rtl/ucore/ucrom.hex Line: 640
Warning (10230): Verilog HDL assignment warning at ucrom.hex(641): truncated value with size 32 to match size of target (29) File: /work/fpga/rtl/ucore/ucrom.hex Line: 641
Warning (10230): Verilog HDL assignment warning at ucrom.hex(642): truncated value with size 32 to match size of target (29) File: /work/fpga/rtl/ucore/ucrom.hex Line: 642
Warning (10230): Verilog HDL assignment warning at ucrom.hex(643): truncated value with size 32 to match size of target (29) File: /work/fpga/rtl/ucore/ucrom.hex Line: 643
Warning (10230): Verilog HDL assignment warning at ucrom.hex(644): truncated value with size 32 to match size of target (29) File: /work/fpga/rtl/ucore/ucrom.hex Line: 644
Warning (10230): Verilog HDL assignment warning at ucrom.hex(645): truncated value with size 32 to match size of target (29) File: /work/fpga/rtl/ucore/ucrom.hex Line: 645
Warning (10230): Verilog HDL assignment warning at ucrom.hex(646): truncated value with size 32 to match size of target (29) File: /work/fpga/rtl/ucore/ucrom.hex Line: 646
Warning (10230): Verilog HDL assignment warning at ucrom.hex(647): truncated value with size 32 to match size of target (29) File: /work/fpga/rtl/ucore/ucrom.hex Line: 647
Warning (10230): Verilog HDL assignment warning at ucrom.hex(648): truncated value with size 32 to match size of target (29) File: /work/fpga/rtl/ucore/ucrom.hex Line: 648
Warning (10230): Verilog HDL assignment warning at ucrom.hex(649): truncated value with size 32 to match size of target (29) File: /work/fpga/rtl/ucore/ucrom.hex Line: 649
Warning (10230): Verilog HDL assignment warning at ucrom.hex(650): truncated value with size 32 to match size of target (29) File: /work/fpga/rtl/ucore/ucrom.hex Line: 650
Warning (10230): Verilog HDL assignment warning at ucrom.hex(651): truncated value with size 32 to match size of target (29) File: /work/fpga/rtl/ucore/ucrom.hex Line: 651
Warning (10230): Verilog HDL assignment warning at ucrom.hex(652): truncated value with size 32 to match size of target (29) File: /work/fpga/rtl/ucore/ucrom.hex Line: 652
Warning (10230): Verilog HDL assignment warning at ucrom.hex(653): truncated value with size 32 to match size of target (29) File: /work/fpga/rtl/ucore/ucrom.hex Line: 653
Warning (10230): Verilog HDL assignment warning at ucrom.hex(654): truncated value with size 32 to match size of target (29) File: /work/fpga/rtl/ucore/ucrom.hex Line: 654
Warning (10230): Verilog HDL assignment warning at ucrom.hex(655): truncated value with size 32 to match size of target (29) File: /work/fpga/rtl/ucore/ucrom.hex Line: 655
Warning (10230): Verilog HDL assignment warning at ucrom.hex(656): truncated value with size 32 to match size of target (29) File: /work/fpga/rtl/ucore/ucrom.hex Line: 656
Warning (10230): Verilog HDL assignment warning at ucrom.hex(657): truncated value with size 32 to match size of target (29) File: /work/fpga/rtl/ucore/ucrom.hex Line: 657
Warning (10230): Verilog HDL assignment warning at ucrom.hex(658): truncated value with size 32 to match size of target (29) File: /work/fpga/rtl/ucore/ucrom.hex Line: 658
Warning (10230): Verilog HDL assignment warning at ucrom.hex(659): truncated value with size 32 to match size of target (29) File: /work/fpga/rtl/ucore/ucrom.hex Line: 659
Warning (10230): Verilog HDL assignment warning at ucrom.hex(660): truncated value with size 32 to match size of target (29) File: /work/fpga/rtl/ucore/ucrom.hex Line: 660
Warning (10230): Verilog HDL assignment warning at ucrom.hex(661): truncated value with size 32 to match size of target (29) File: /work/fpga/rtl/ucore/ucrom.hex Line: 661
Warning (10230): Verilog HDL assignment warning at ucrom.hex(662): truncated value with size 32 to match size of target (29) File: /work/fpga/rtl/ucore/ucrom.hex Line: 662
Warning (10230): Verilog HDL assignment warning at ucrom.hex(663): truncated value with size 32 to match size of target (29) File: /work/fpga/rtl/ucore/ucrom.hex Line: 663
Warning (10230): Verilog HDL assignment warning at ucrom.hex(664): truncated value with size 32 to match size of target (29) File: /work/fpga/rtl/ucore/ucrom.hex Line: 664
Warning (10230): Verilog HDL assignment warning at ucrom.hex(665): truncated value with size 32 to match size of target (29) File: /work/fpga/rtl/ucore/ucrom.hex Line: 665
Warning (10230): Verilog HDL assignment warning at ucrom.hex(666): truncated value with size 32 to match size of target (29) File: /work/fpga/rtl/ucore/ucrom.hex Line: 666
Warning (10230): Verilog HDL assignment warning at ucrom.hex(667): truncated value with size 32 to match size of target (29) File: /work/fpga/rtl/ucore/ucrom.hex Line: 667
Warning (10230): Verilog HDL assignment warning at ucrom.hex(668): truncated value with size 32 to match size of target (29) File: /work/fpga/rtl/ucore/ucrom.hex Line: 668
Warning (10230): Verilog HDL assignment warning at ucrom.hex(669): truncated value with size 32 to match size of target (29) File: /work/fpga/rtl/ucore/ucrom.hex Line: 669
Warning (10230): Verilog HDL assignment warning at ucrom.hex(670): truncated value with size 32 to match size of target (29) File: /work/fpga/rtl/ucore/ucrom.hex Line: 670
Warning (10230): Verilog HDL assignment warning at ucrom.hex(671): truncated value with size 32 to match size of target (29) File: /work/fpga/rtl/ucore/ucrom.hex Line: 671
Warning (10230): Verilog HDL assignment warning at ucrom.hex(672): truncated value with size 32 to match size of target (29) File: /work/fpga/rtl/ucore/ucrom.hex Line: 672
Warning (10230): Verilog HDL assignment warning at ucrom.hex(673): truncated value with size 32 to match size of target (29) File: /work/fpga/rtl/ucore/ucrom.hex Line: 673
Warning (10230): Verilog HDL assignment warning at ucrom.hex(674): truncated value with size 32 to match size of target (29) File: /work/fpga/rtl/ucore/ucrom.hex Line: 674
Warning (10230): Verilog HDL assignment warning at ucrom.hex(675): truncated value with size 32 to match size of target (29) File: /work/fpga/rtl/ucore/ucrom.hex Line: 675
Warning (10230): Verilog HDL assignment warning at ucrom.hex(676): truncated value with size 32 to match size of target (29) File: /work/fpga/rtl/ucore/ucrom.hex Line: 676
Warning (10230): Verilog HDL assignment warning at ucrom.hex(677): truncated value with size 32 to match size of target (29) File: /work/fpga/rtl/ucore/ucrom.hex Line: 677
Warning (10230): Verilog HDL assignment warning at ucrom.hex(678): truncated value with size 32 to match size of target (29) File: /work/fpga/rtl/ucore/ucrom.hex Line: 678
Warning (10230): Verilog HDL assignment warning at ucrom.hex(679): truncated value with size 32 to match size of target (29) File: /work/fpga/rtl/ucore/ucrom.hex Line: 679
Warning (10230): Verilog HDL assignment warning at ucrom.hex(680): truncated value with size 32 to match size of target (29) File: /work/fpga/rtl/ucore/ucrom.hex Line: 680
Warning (10230): Verilog HDL assignment warning at ucrom.hex(681): truncated value with size 32 to match size of target (29) File: /work/fpga/rtl/ucore/ucrom.hex Line: 681
Warning (10230): Verilog HDL assignment warning at ucrom.hex(682): truncated value with size 32 to match size of target (29) File: /work/fpga/rtl/ucore/ucrom.hex Line: 682
Warning (10230): Verilog HDL assignment warning at ucrom.hex(683): truncated value with size 32 to match size of target (29) File: /work/fpga/rtl/ucore/ucrom.hex Line: 683
Warning (10230): Verilog HDL assignment warning at ucrom.hex(684): truncated value with size 32 to match size of target (29) File: /work/fpga/rtl/ucore/ucrom.hex Line: 684
Warning (10230): Verilog HDL assignment warning at ucrom.hex(685): truncated value with size 32 to match size of target (29) File: /work/fpga/rtl/ucore/ucrom.hex Line: 685
Warning (10230): Verilog HDL assignment warning at ucrom.hex(686): truncated value with size 32 to match size of target (29) File: /work/fpga/rtl/ucore/ucrom.hex Line: 686
Warning (10230): Verilog HDL assignment warning at ucrom.hex(687): truncated value with size 32 to match size of target (29) File: /work/fpga/rtl/ucore/ucrom.hex Line: 687
Warning (10230): Verilog HDL assignment warning at ucrom.hex(688): truncated value with size 32 to match size of target (29) File: /work/fpga/rtl/ucore/ucrom.hex Line: 688
Warning (10230): Verilog HDL assignment warning at ucrom.hex(689): truncated value with size 32 to match size of target (29) File: /work/fpga/rtl/ucore/ucrom.hex Line: 689
Warning (10230): Verilog HDL assignment warning at ucrom.hex(690): truncated value with size 32 to match size of target (29) File: /work/fpga/rtl/ucore/ucrom.hex Line: 690
Warning (10230): Verilog HDL assignment warning at ucrom.hex(691): truncated value with size 32 to match size of target (29) File: /work/fpga/rtl/ucore/ucrom.hex Line: 691
Warning (10230): Verilog HDL assignment warning at ucrom.hex(692): truncated value with size 32 to match size of target (29) File: /work/fpga/rtl/ucore/ucrom.hex Line: 692
Warning (10230): Verilog HDL assignment warning at ucrom.hex(693): truncated value with size 32 to match size of target (29) File: /work/fpga/rtl/ucore/ucrom.hex Line: 693
Warning (10230): Verilog HDL assignment warning at ucrom.hex(694): truncated value with size 32 to match size of target (29) File: /work/fpga/rtl/ucore/ucrom.hex Line: 694
Warning (10230): Verilog HDL assignment warning at ucrom.hex(695): truncated value with size 32 to match size of target (29) File: /work/fpga/rtl/ucore/ucrom.hex Line: 695
Warning (10230): Verilog HDL assignment warning at ucrom.hex(696): truncated value with size 32 to match size of target (29) File: /work/fpga/rtl/ucore/ucrom.hex Line: 696
Warning (10230): Verilog HDL assignment warning at ucrom.hex(697): truncated value with size 32 to match size of target (29) File: /work/fpga/rtl/ucore/ucrom.hex Line: 697
Warning (10230): Verilog HDL assignment warning at ucrom.hex(698): truncated value with size 32 to match size of target (29) File: /work/fpga/rtl/ucore/ucrom.hex Line: 698
Warning (10230): Verilog HDL assignment warning at ucrom.hex(699): truncated value with size 32 to match size of target (29) File: /work/fpga/rtl/ucore/ucrom.hex Line: 699
Warning (10230): Verilog HDL assignment warning at ucrom.hex(700): truncated value with size 32 to match size of target (29) File: /work/fpga/rtl/ucore/ucrom.hex Line: 700
Warning (10230): Verilog HDL assignment warning at ucrom.hex(701): truncated value with size 32 to match size of target (29) File: /work/fpga/rtl/ucore/ucrom.hex Line: 701
Warning (10230): Verilog HDL assignment warning at ucrom.hex(702): truncated value with size 32 to match size of target (29) File: /work/fpga/rtl/ucore/ucrom.hex Line: 702
Warning (10230): Verilog HDL assignment warning at ucrom.hex(703): truncated value with size 32 to match size of target (29) File: /work/fpga/rtl/ucore/ucrom.hex Line: 703
Warning (10230): Verilog HDL assignment warning at ucrom.hex(704): truncated value with size 32 to match size of target (29) File: /work/fpga/rtl/ucore/ucrom.hex Line: 704
Warning (10230): Verilog HDL assignment warning at ucrom.hex(705): truncated value with size 32 to match size of target (29) File: /work/fpga/rtl/ucore/ucrom.hex Line: 705
Warning (10230): Verilog HDL assignment warning at ucrom.hex(706): truncated value with size 32 to match size of target (29) File: /work/fpga/rtl/ucore/ucrom.hex Line: 706
Warning (10230): Verilog HDL assignment warning at ucrom.hex(707): truncated value with size 32 to match size of target (29) File: /work/fpga/rtl/ucore/ucrom.hex Line: 707
Warning (10230): Verilog HDL assignment warning at ucrom.hex(708): truncated value with size 32 to match size of target (29) File: /work/fpga/rtl/ucore/ucrom.hex Line: 708
Warning (10230): Verilog HDL assignment warning at ucrom.hex(709): truncated value with size 32 to match size of target (29) File: /work/fpga/rtl/ucore/ucrom.hex Line: 709
Warning (10230): Verilog HDL assignment warning at ucrom.hex(710): truncated value with size 32 to match size of target (29) File: /work/fpga/rtl/ucore/ucrom.hex Line: 710
Warning (10230): Verilog HDL assignment warning at ucrom.hex(711): truncated value with size 32 to match size of target (29) File: /work/fpga/rtl/ucore/ucrom.hex Line: 711
Warning (10230): Verilog HDL assignment warning at ucrom.hex(712): truncated value with size 32 to match size of target (29) File: /work/fpga/rtl/ucore/ucrom.hex Line: 712
Warning (10230): Verilog HDL assignment warning at ucrom.hex(713): truncated value with size 32 to match size of target (29) File: /work/fpga/rtl/ucore/ucrom.hex Line: 713
Warning (10230): Verilog HDL assignment warning at ucrom.hex(714): truncated value with size 32 to match size of target (29) File: /work/fpga/rtl/ucore/ucrom.hex Line: 714
Warning (10230): Verilog HDL assignment warning at ucrom.hex(715): truncated value with size 32 to match size of target (29) File: /work/fpga/rtl/ucore/ucrom.hex Line: 715
Warning (10230): Verilog HDL assignment warning at ucrom.hex(716): truncated value with size 32 to match size of target (29) File: /work/fpga/rtl/ucore/ucrom.hex Line: 716
Warning (10230): Verilog HDL assignment warning at ucrom.hex(717): truncated value with size 32 to match size of target (29) File: /work/fpga/rtl/ucore/ucrom.hex Line: 717
Warning (10230): Verilog HDL assignment warning at ucrom.hex(718): truncated value with size 32 to match size of target (29) File: /work/fpga/rtl/ucore/ucrom.hex Line: 718
Warning (10230): Verilog HDL assignment warning at ucrom.hex(719): truncated value with size 32 to match size of target (29) File: /work/fpga/rtl/ucore/ucrom.hex Line: 719
Warning (10230): Verilog HDL assignment warning at ucrom.hex(720): truncated value with size 32 to match size of target (29) File: /work/fpga/rtl/ucore/ucrom.hex Line: 720
Warning (10230): Verilog HDL assignment warning at ucrom.hex(721): truncated value with size 32 to match size of target (29) File: /work/fpga/rtl/ucore/ucrom.hex Line: 721
Warning (10230): Verilog HDL assignment warning at ucrom.hex(722): truncated value with size 32 to match size of target (29) File: /work/fpga/rtl/ucore/ucrom.hex Line: 722
Warning (10230): Verilog HDL assignment warning at ucrom.hex(723): truncated value with size 32 to match size of target (29) File: /work/fpga/rtl/ucore/ucrom.hex Line: 723
Warning (10230): Verilog HDL assignment warning at ucrom.hex(724): truncated value with size 32 to match size of target (29) File: /work/fpga/rtl/ucore/ucrom.hex Line: 724
Warning (10230): Verilog HDL assignment warning at ucrom.hex(725): truncated value with size 32 to match size of target (29) File: /work/fpga/rtl/ucore/ucrom.hex Line: 725
Warning (10230): Verilog HDL assignment warning at ucrom.hex(726): truncated value with size 32 to match size of target (29) File: /work/fpga/rtl/ucore/ucrom.hex Line: 726
Warning (10230): Verilog HDL assignment warning at ucrom.hex(727): truncated value with size 32 to match size of target (29) File: /work/fpga/rtl/ucore/ucrom.hex Line: 727
Warning (10230): Verilog HDL assignment warning at ucrom.hex(728): truncated value with size 32 to match size of target (29) File: /work/fpga/rtl/ucore/ucrom.hex Line: 728
Warning (10230): Verilog HDL assignment warning at ucrom.hex(729): truncated value with size 32 to match size of target (29) File: /work/fpga/rtl/ucore/ucrom.hex Line: 729
Warning (10230): Verilog HDL assignment warning at ucrom.hex(730): truncated value with size 32 to match size of target (29) File: /work/fpga/rtl/ucore/ucrom.hex Line: 730
Warning (10230): Verilog HDL assignment warning at ucrom.hex(731): truncated value with size 32 to match size of target (29) File: /work/fpga/rtl/ucore/ucrom.hex Line: 731
Warning (10230): Verilog HDL assignment warning at ucrom.hex(732): truncated value with size 32 to match size of target (29) File: /work/fpga/rtl/ucore/ucrom.hex Line: 732
Warning (10230): Verilog HDL assignment warning at ucrom.hex(733): truncated value with size 32 to match size of target (29) File: /work/fpga/rtl/ucore/ucrom.hex Line: 733
Warning (10230): Verilog HDL assignment warning at ucrom.hex(734): truncated value with size 32 to match size of target (29) File: /work/fpga/rtl/ucore/ucrom.hex Line: 734
Warning (10230): Verilog HDL assignment warning at ucrom.hex(735): truncated value with size 32 to match size of target (29) File: /work/fpga/rtl/ucore/ucrom.hex Line: 735
Warning (10230): Verilog HDL assignment warning at ucrom.hex(736): truncated value with size 32 to match size of target (29) File: /work/fpga/rtl/ucore/ucrom.hex Line: 736
Warning (10230): Verilog HDL assignment warning at ucrom.hex(737): truncated value with size 32 to match size of target (29) File: /work/fpga/rtl/ucore/ucrom.hex Line: 737
Warning (10230): Verilog HDL assignment warning at ucrom.hex(738): truncated value with size 32 to match size of target (29) File: /work/fpga/rtl/ucore/ucrom.hex Line: 738
Warning (10230): Verilog HDL assignment warning at ucrom.hex(739): truncated value with size 32 to match size of target (29) File: /work/fpga/rtl/ucore/ucrom.hex Line: 739
Warning (10230): Verilog HDL assignment warning at ucrom.hex(740): truncated value with size 32 to match size of target (29) File: /work/fpga/rtl/ucore/ucrom.hex Line: 740
Warning (10230): Verilog HDL assignment warning at ucrom.hex(741): truncated value with size 32 to match size of target (29) File: /work/fpga/rtl/ucore/ucrom.hex Line: 741
Warning (10230): Verilog HDL assignment warning at ucrom.hex(742): truncated value with size 32 to match size of target (29) File: /work/fpga/rtl/ucore/ucrom.hex Line: 742
Warning (10230): Verilog HDL assignment warning at ucrom.hex(743): truncated value with size 32 to match size of target (29) File: /work/fpga/rtl/ucore/ucrom.hex Line: 743
Warning (10230): Verilog HDL assignment warning at ucrom.hex(744): truncated value with size 32 to match size of target (29) File: /work/fpga/rtl/ucore/ucrom.hex Line: 744
Warning (10230): Verilog HDL assignment warning at ucrom.hex(745): truncated value with size 32 to match size of target (29) File: /work/fpga/rtl/ucore/ucrom.hex Line: 745
Warning (10230): Verilog HDL assignment warning at ucrom.hex(746): truncated value with size 32 to match size of target (29) File: /work/fpga/rtl/ucore/ucrom.hex Line: 746
Warning (10230): Verilog HDL assignment warning at ucrom.hex(747): truncated value with size 32 to match size of target (29) File: /work/fpga/rtl/ucore/ucrom.hex Line: 747
Warning (10230): Verilog HDL assignment warning at ucrom.hex(748): truncated value with size 32 to match size of target (29) File: /work/fpga/rtl/ucore/ucrom.hex Line: 748
Warning (10230): Verilog HDL assignment warning at ucrom.hex(749): truncated value with size 32 to match size of target (29) File: /work/fpga/rtl/ucore/ucrom.hex Line: 749
Warning (10230): Verilog HDL assignment warning at ucrom.hex(750): truncated value with size 32 to match size of target (29) File: /work/fpga/rtl/ucore/ucrom.hex Line: 750
Warning (10230): Verilog HDL assignment warning at ucrom.hex(751): truncated value with size 32 to match size of target (29) File: /work/fpga/rtl/ucore/ucrom.hex Line: 751
Warning (10230): Verilog HDL assignment warning at ucrom.hex(752): truncated value with size 32 to match size of target (29) File: /work/fpga/rtl/ucore/ucrom.hex Line: 752
Warning (10230): Verilog HDL assignment warning at ucrom.hex(753): truncated value with size 32 to match size of target (29) File: /work/fpga/rtl/ucore/ucrom.hex Line: 753
Warning (10230): Verilog HDL assignment warning at ucrom.hex(754): truncated value with size 32 to match size of target (29) File: /work/fpga/rtl/ucore/ucrom.hex Line: 754
Warning (10230): Verilog HDL assignment warning at ucrom.hex(755): truncated value with size 32 to match size of target (29) File: /work/fpga/rtl/ucore/ucrom.hex Line: 755
Warning (10230): Verilog HDL assignment warning at ucrom.hex(756): truncated value with size 32 to match size of target (29) File: /work/fpga/rtl/ucore/ucrom.hex Line: 756
Warning (10230): Verilog HDL assignment warning at ucrom.hex(757): truncated value with size 32 to match size of target (29) File: /work/fpga/rtl/ucore/ucrom.hex Line: 757
Warning (10230): Verilog HDL assignment warning at ucrom.hex(758): truncated value with size 32 to match size of target (29) File: /work/fpga/rtl/ucore/ucrom.hex Line: 758
Warning (10230): Verilog HDL assignment warning at ucrom.hex(759): truncated value with size 32 to match size of target (29) File: /work/fpga/rtl/ucore/ucrom.hex Line: 759
Warning (10230): Verilog HDL assignment warning at ucrom.hex(760): truncated value with size 32 to match size of target (29) File: /work/fpga/rtl/ucore/ucrom.hex Line: 760
Warning (10230): Verilog HDL assignment warning at ucrom.hex(761): truncated value with size 32 to match size of target (29) File: /work/fpga/rtl/ucore/ucrom.hex Line: 761
Warning (10230): Verilog HDL assignment warning at ucrom.hex(762): truncated value with size 32 to match size of target (29) File: /work/fpga/rtl/ucore/ucrom.hex Line: 762
Warning (10230): Verilog HDL assignment warning at ucrom.hex(763): truncated value with size 32 to match size of target (29) File: /work/fpga/rtl/ucore/ucrom.hex Line: 763
Warning (10230): Verilog HDL assignment warning at ucrom.hex(764): truncated value with size 32 to match size of target (29) File: /work/fpga/rtl/ucore/ucrom.hex Line: 764
Warning (10230): Verilog HDL assignment warning at ucrom.hex(765): truncated value with size 32 to match size of target (29) File: /work/fpga/rtl/ucore/ucrom.hex Line: 765
Warning (10230): Verilog HDL assignment warning at ucrom.hex(766): truncated value with size 32 to match size of target (29) File: /work/fpga/rtl/ucore/ucrom.hex Line: 766
Warning (10230): Verilog HDL assignment warning at ucrom.hex(767): truncated value with size 32 to match size of target (29) File: /work/fpga/rtl/ucore/ucrom.hex Line: 767
Warning (10230): Verilog HDL assignment warning at ucrom.hex(768): truncated value with size 32 to match size of target (29) File: /work/fpga/rtl/ucore/ucrom.hex Line: 768
Warning (10230): Verilog HDL assignment warning at ucrom.hex(769): truncated value with size 32 to match size of target (29) File: /work/fpga/rtl/ucore/ucrom.hex Line: 769
Warning (10230): Verilog HDL assignment warning at ucrom.hex(770): truncated value with size 32 to match size of target (29) File: /work/fpga/rtl/ucore/ucrom.hex Line: 770
Warning (10230): Verilog HDL assignment warning at ucrom.hex(771): truncated value with size 32 to match size of target (29) File: /work/fpga/rtl/ucore/ucrom.hex Line: 771
Warning (10230): Verilog HDL assignment warning at ucrom.hex(772): truncated value with size 32 to match size of target (29) File: /work/fpga/rtl/ucore/ucrom.hex Line: 772
Warning (10230): Verilog HDL assignment warning at ucrom.hex(773): truncated value with size 32 to match size of target (29) File: /work/fpga/rtl/ucore/ucrom.hex Line: 773
Warning (10230): Verilog HDL assignment warning at ucrom.hex(774): truncated value with size 32 to match size of target (29) File: /work/fpga/rtl/ucore/ucrom.hex Line: 774
Warning (10230): Verilog HDL assignment warning at ucrom.hex(775): truncated value with size 32 to match size of target (29) File: /work/fpga/rtl/ucore/ucrom.hex Line: 775
Warning (10230): Verilog HDL assignment warning at ucrom.hex(776): truncated value with size 32 to match size of target (29) File: /work/fpga/rtl/ucore/ucrom.hex Line: 776
Warning (10230): Verilog HDL assignment warning at ucrom.hex(777): truncated value with size 32 to match size of target (29) File: /work/fpga/rtl/ucore/ucrom.hex Line: 777
Warning (10230): Verilog HDL assignment warning at ucrom.hex(778): truncated value with size 32 to match size of target (29) File: /work/fpga/rtl/ucore/ucrom.hex Line: 778
Warning (10230): Verilog HDL assignment warning at ucrom.hex(779): truncated value with size 32 to match size of target (29) File: /work/fpga/rtl/ucore/ucrom.hex Line: 779
Warning (10230): Verilog HDL assignment warning at ucrom.hex(780): truncated value with size 32 to match size of target (29) File: /work/fpga/rtl/ucore/ucrom.hex Line: 780
Warning (10230): Verilog HDL assignment warning at ucrom.hex(781): truncated value with size 32 to match size of target (29) File: /work/fpga/rtl/ucore/ucrom.hex Line: 781
Warning (10230): Verilog HDL assignment warning at ucrom.hex(782): truncated value with size 32 to match size of target (29) File: /work/fpga/rtl/ucore/ucrom.hex Line: 782
Warning (10230): Verilog HDL assignment warning at ucrom.hex(783): truncated value with size 32 to match size of target (29) File: /work/fpga/rtl/ucore/ucrom.hex Line: 783
Warning (10230): Verilog HDL assignment warning at ucrom.hex(784): truncated value with size 32 to match size of target (29) File: /work/fpga/rtl/ucore/ucrom.hex Line: 784
Warning (10230): Verilog HDL assignment warning at ucrom.hex(785): truncated value with size 32 to match size of target (29) File: /work/fpga/rtl/ucore/ucrom.hex Line: 785
Warning (10230): Verilog HDL assignment warning at ucrom.hex(786): truncated value with size 32 to match size of target (29) File: /work/fpga/rtl/ucore/ucrom.hex Line: 786
Warning (10230): Verilog HDL assignment warning at ucrom.hex(787): truncated value with size 32 to match size of target (29) File: /work/fpga/rtl/ucore/ucrom.hex Line: 787
Warning (10230): Verilog HDL assignment warning at ucrom.hex(788): truncated value with size 32 to match size of target (29) File: /work/fpga/rtl/ucore/ucrom.hex Line: 788
Warning (10230): Verilog HDL assignment warning at ucrom.hex(789): truncated value with size 32 to match size of target (29) File: /work/fpga/rtl/ucore/ucrom.hex Line: 789
Warning (10230): Verilog HDL assignment warning at ucrom.hex(790): truncated value with size 32 to match size of target (29) File: /work/fpga/rtl/ucore/ucrom.hex Line: 790
Warning (10230): Verilog HDL assignment warning at ucrom.hex(791): truncated value with size 32 to match size of target (29) File: /work/fpga/rtl/ucore/ucrom.hex Line: 791
Warning (10230): Verilog HDL assignment warning at ucrom.hex(792): truncated value with size 32 to match size of target (29) File: /work/fpga/rtl/ucore/ucrom.hex Line: 792
Warning (10230): Verilog HDL assignment warning at ucrom.hex(793): truncated value with size 32 to match size of target (29) File: /work/fpga/rtl/ucore/ucrom.hex Line: 793
Warning (10230): Verilog HDL assignment warning at ucrom.hex(794): truncated value with size 32 to match size of target (29) File: /work/fpga/rtl/ucore/ucrom.hex Line: 794
Warning (10230): Verilog HDL assignment warning at ucrom.hex(795): truncated value with size 32 to match size of target (29) File: /work/fpga/rtl/ucore/ucrom.hex Line: 795
Warning (10230): Verilog HDL assignment warning at ucrom.hex(796): truncated value with size 32 to match size of target (29) File: /work/fpga/rtl/ucore/ucrom.hex Line: 796
Warning (10230): Verilog HDL assignment warning at ucrom.hex(797): truncated value with size 32 to match size of target (29) File: /work/fpga/rtl/ucore/ucrom.hex Line: 797
Warning (10230): Verilog HDL assignment warning at ucrom.hex(798): truncated value with size 32 to match size of target (29) File: /work/fpga/rtl/ucore/ucrom.hex Line: 798
Warning (10230): Verilog HDL assignment warning at ucrom.hex(799): truncated value with size 32 to match size of target (29) File: /work/fpga/rtl/ucore/ucrom.hex Line: 799
Warning (10230): Verilog HDL assignment warning at ucrom.hex(800): truncated value with size 32 to match size of target (29) File: /work/fpga/rtl/ucore/ucrom.hex Line: 800
Warning (10230): Verilog HDL assignment warning at ucrom.hex(801): truncated value with size 32 to match size of target (29) File: /work/fpga/rtl/ucore/ucrom.hex Line: 801
Warning (10230): Verilog HDL assignment warning at ucrom.hex(802): truncated value with size 32 to match size of target (29) File: /work/fpga/rtl/ucore/ucrom.hex Line: 802
Warning (10230): Verilog HDL assignment warning at ucrom.hex(803): truncated value with size 32 to match size of target (29) File: /work/fpga/rtl/ucore/ucrom.hex Line: 803
Warning (10230): Verilog HDL assignment warning at ucrom.hex(804): truncated value with size 32 to match size of target (29) File: /work/fpga/rtl/ucore/ucrom.hex Line: 804
Warning (10230): Verilog HDL assignment warning at ucrom.hex(805): truncated value with size 32 to match size of target (29) File: /work/fpga/rtl/ucore/ucrom.hex Line: 805
Warning (10230): Verilog HDL assignment warning at ucrom.hex(806): truncated value with size 32 to match size of target (29) File: /work/fpga/rtl/ucore/ucrom.hex Line: 806
Warning (10230): Verilog HDL assignment warning at ucrom.hex(807): truncated value with size 32 to match size of target (29) File: /work/fpga/rtl/ucore/ucrom.hex Line: 807
Warning (10230): Verilog HDL assignment warning at ucrom.hex(808): truncated value with size 32 to match size of target (29) File: /work/fpga/rtl/ucore/ucrom.hex Line: 808
Warning (10230): Verilog HDL assignment warning at ucrom.hex(809): truncated value with size 32 to match size of target (29) File: /work/fpga/rtl/ucore/ucrom.hex Line: 809
Warning (10230): Verilog HDL assignment warning at ucrom.hex(810): truncated value with size 32 to match size of target (29) File: /work/fpga/rtl/ucore/ucrom.hex Line: 810
Warning (10230): Verilog HDL assignment warning at ucrom.hex(811): truncated value with size 32 to match size of target (29) File: /work/fpga/rtl/ucore/ucrom.hex Line: 811
Warning (10230): Verilog HDL assignment warning at ucrom.hex(812): truncated value with size 32 to match size of target (29) File: /work/fpga/rtl/ucore/ucrom.hex Line: 812
Warning (10230): Verilog HDL assignment warning at ucrom.hex(813): truncated value with size 32 to match size of target (29) File: /work/fpga/rtl/ucore/ucrom.hex Line: 813
Warning (10230): Verilog HDL assignment warning at ucrom.hex(814): truncated value with size 32 to match size of target (29) File: /work/fpga/rtl/ucore/ucrom.hex Line: 814
Warning (10230): Verilog HDL assignment warning at ucrom.hex(815): truncated value with size 32 to match size of target (29) File: /work/fpga/rtl/ucore/ucrom.hex Line: 815
Warning (10230): Verilog HDL assignment warning at ucrom.hex(816): truncated value with size 32 to match size of target (29) File: /work/fpga/rtl/ucore/ucrom.hex Line: 816
Warning (10230): Verilog HDL assignment warning at ucrom.hex(817): truncated value with size 32 to match size of target (29) File: /work/fpga/rtl/ucore/ucrom.hex Line: 817
Warning (10230): Verilog HDL assignment warning at ucrom.hex(818): truncated value with size 32 to match size of target (29) File: /work/fpga/rtl/ucore/ucrom.hex Line: 818
Warning (10230): Verilog HDL assignment warning at ucrom.hex(819): truncated value with size 32 to match size of target (29) File: /work/fpga/rtl/ucore/ucrom.hex Line: 819
Warning (10230): Verilog HDL assignment warning at ucrom.hex(820): truncated value with size 32 to match size of target (29) File: /work/fpga/rtl/ucore/ucrom.hex Line: 820
Warning (10230): Verilog HDL assignment warning at ucrom.hex(821): truncated value with size 32 to match size of target (29) File: /work/fpga/rtl/ucore/ucrom.hex Line: 821
Warning (10230): Verilog HDL assignment warning at ucrom.hex(822): truncated value with size 32 to match size of target (29) File: /work/fpga/rtl/ucore/ucrom.hex Line: 822
Warning (10230): Verilog HDL assignment warning at ucrom.hex(823): truncated value with size 32 to match size of target (29) File: /work/fpga/rtl/ucore/ucrom.hex Line: 823
Warning (10230): Verilog HDL assignment warning at ucrom.hex(824): truncated value with size 32 to match size of target (29) File: /work/fpga/rtl/ucore/ucrom.hex Line: 824
Warning (10230): Verilog HDL assignment warning at ucrom.hex(825): truncated value with size 32 to match size of target (29) File: /work/fpga/rtl/ucore/ucrom.hex Line: 825
Warning (10230): Verilog HDL assignment warning at ucrom.hex(826): truncated value with size 32 to match size of target (29) File: /work/fpga/rtl/ucore/ucrom.hex Line: 826
Warning (10230): Verilog HDL assignment warning at ucrom.hex(827): truncated value with size 32 to match size of target (29) File: /work/fpga/rtl/ucore/ucrom.hex Line: 827
Warning (10230): Verilog HDL assignment warning at ucrom.hex(828): truncated value with size 32 to match size of target (29) File: /work/fpga/rtl/ucore/ucrom.hex Line: 828
Warning (10230): Verilog HDL assignment warning at ucrom.hex(829): truncated value with size 32 to match size of target (29) File: /work/fpga/rtl/ucore/ucrom.hex Line: 829
Warning (10230): Verilog HDL assignment warning at ucrom.hex(830): truncated value with size 32 to match size of target (29) File: /work/fpga/rtl/ucore/ucrom.hex Line: 830
Warning (10230): Verilog HDL assignment warning at ucrom.hex(831): truncated value with size 32 to match size of target (29) File: /work/fpga/rtl/ucore/ucrom.hex Line: 831
Warning (10230): Verilog HDL assignment warning at ucrom.hex(832): truncated value with size 32 to match size of target (29) File: /work/fpga/rtl/ucore/ucrom.hex Line: 832
Warning (10230): Verilog HDL assignment warning at ucrom.hex(833): truncated value with size 32 to match size of target (29) File: /work/fpga/rtl/ucore/ucrom.hex Line: 833
Warning (10230): Verilog HDL assignment warning at ucrom.hex(834): truncated value with size 32 to match size of target (29) File: /work/fpga/rtl/ucore/ucrom.hex Line: 834
Warning (10230): Verilog HDL assignment warning at ucrom.hex(835): truncated value with size 32 to match size of target (29) File: /work/fpga/rtl/ucore/ucrom.hex Line: 835
Warning (10230): Verilog HDL assignment warning at ucrom.hex(836): truncated value with size 32 to match size of target (29) File: /work/fpga/rtl/ucore/ucrom.hex Line: 836
Warning (10230): Verilog HDL assignment warning at ucrom.hex(837): truncated value with size 32 to match size of target (29) File: /work/fpga/rtl/ucore/ucrom.hex Line: 837
Warning (10230): Verilog HDL assignment warning at ucrom.hex(838): truncated value with size 32 to match size of target (29) File: /work/fpga/rtl/ucore/ucrom.hex Line: 838
Warning (10230): Verilog HDL assignment warning at ucrom.hex(839): truncated value with size 32 to match size of target (29) File: /work/fpga/rtl/ucore/ucrom.hex Line: 839
Warning (10230): Verilog HDL assignment warning at ucrom.hex(840): truncated value with size 32 to match size of target (29) File: /work/fpga/rtl/ucore/ucrom.hex Line: 840
Warning (10230): Verilog HDL assignment warning at ucrom.hex(841): truncated value with size 32 to match size of target (29) File: /work/fpga/rtl/ucore/ucrom.hex Line: 841
Warning (10230): Verilog HDL assignment warning at ucrom.hex(842): truncated value with size 32 to match size of target (29) File: /work/fpga/rtl/ucore/ucrom.hex Line: 842
Warning (10230): Verilog HDL assignment warning at ucrom.hex(843): truncated value with size 32 to match size of target (29) File: /work/fpga/rtl/ucore/ucrom.hex Line: 843
Warning (10230): Verilog HDL assignment warning at ucrom.hex(844): truncated value with size 32 to match size of target (29) File: /work/fpga/rtl/ucore/ucrom.hex Line: 844
Warning (10230): Verilog HDL assignment warning at ucrom.hex(845): truncated value with size 32 to match size of target (29) File: /work/fpga/rtl/ucore/ucrom.hex Line: 845
Warning (10230): Verilog HDL assignment warning at ucrom.hex(846): truncated value with size 32 to match size of target (29) File: /work/fpga/rtl/ucore/ucrom.hex Line: 846
Warning (10230): Verilog HDL assignment warning at ucrom.hex(847): truncated value with size 32 to match size of target (29) File: /work/fpga/rtl/ucore/ucrom.hex Line: 847
Warning (10230): Verilog HDL assignment warning at ucrom.hex(848): truncated value with size 32 to match size of target (29) File: /work/fpga/rtl/ucore/ucrom.hex Line: 848
Warning (10230): Verilog HDL assignment warning at ucrom.hex(849): truncated value with size 32 to match size of target (29) File: /work/fpga/rtl/ucore/ucrom.hex Line: 849
Warning (10230): Verilog HDL assignment warning at ucrom.hex(850): truncated value with size 32 to match size of target (29) File: /work/fpga/rtl/ucore/ucrom.hex Line: 850
Warning (10230): Verilog HDL assignment warning at ucrom.hex(851): truncated value with size 32 to match size of target (29) File: /work/fpga/rtl/ucore/ucrom.hex Line: 851
Warning (10230): Verilog HDL assignment warning at ucrom.hex(852): truncated value with size 32 to match size of target (29) File: /work/fpga/rtl/ucore/ucrom.hex Line: 852
Warning (10230): Verilog HDL assignment warning at ucrom.hex(853): truncated value with size 32 to match size of target (29) File: /work/fpga/rtl/ucore/ucrom.hex Line: 853
Warning (10230): Verilog HDL assignment warning at ucrom.hex(854): truncated value with size 32 to match size of target (29) File: /work/fpga/rtl/ucore/ucrom.hex Line: 854
Warning (10230): Verilog HDL assignment warning at ucrom.hex(855): truncated value with size 32 to match size of target (29) File: /work/fpga/rtl/ucore/ucrom.hex Line: 855
Warning (10230): Verilog HDL assignment warning at ucrom.hex(856): truncated value with size 32 to match size of target (29) File: /work/fpga/rtl/ucore/ucrom.hex Line: 856
Warning (10230): Verilog HDL assignment warning at ucrom.hex(857): truncated value with size 32 to match size of target (29) File: /work/fpga/rtl/ucore/ucrom.hex Line: 857
Warning (10230): Verilog HDL assignment warning at ucrom.hex(858): truncated value with size 32 to match size of target (29) File: /work/fpga/rtl/ucore/ucrom.hex Line: 858
Warning (10230): Verilog HDL assignment warning at ucrom.hex(859): truncated value with size 32 to match size of target (29) File: /work/fpga/rtl/ucore/ucrom.hex Line: 859
Warning (10230): Verilog HDL assignment warning at ucrom.hex(860): truncated value with size 32 to match size of target (29) File: /work/fpga/rtl/ucore/ucrom.hex Line: 860
Warning (10230): Verilog HDL assignment warning at ucrom.hex(861): truncated value with size 32 to match size of target (29) File: /work/fpga/rtl/ucore/ucrom.hex Line: 861
Warning (10230): Verilog HDL assignment warning at ucrom.hex(862): truncated value with size 32 to match size of target (29) File: /work/fpga/rtl/ucore/ucrom.hex Line: 862
Warning (10230): Verilog HDL assignment warning at ucrom.hex(863): truncated value with size 32 to match size of target (29) File: /work/fpga/rtl/ucore/ucrom.hex Line: 863
Warning (10230): Verilog HDL assignment warning at ucrom.hex(864): truncated value with size 32 to match size of target (29) File: /work/fpga/rtl/ucore/ucrom.hex Line: 864
Warning (10230): Verilog HDL assignment warning at ucrom.hex(865): truncated value with size 32 to match size of target (29) File: /work/fpga/rtl/ucore/ucrom.hex Line: 865
Warning (10230): Verilog HDL assignment warning at ucrom.hex(866): truncated value with size 32 to match size of target (29) File: /work/fpga/rtl/ucore/ucrom.hex Line: 866
Warning (10230): Verilog HDL assignment warning at ucrom.hex(867): truncated value with size 32 to match size of target (29) File: /work/fpga/rtl/ucore/ucrom.hex Line: 867
Warning (10230): Verilog HDL assignment warning at ucrom.hex(868): truncated value with size 32 to match size of target (29) File: /work/fpga/rtl/ucore/ucrom.hex Line: 868
Warning (10230): Verilog HDL assignment warning at ucrom.hex(869): truncated value with size 32 to match size of target (29) File: /work/fpga/rtl/ucore/ucrom.hex Line: 869
Warning (10230): Verilog HDL assignment warning at ucrom.hex(870): truncated value with size 32 to match size of target (29) File: /work/fpga/rtl/ucore/ucrom.hex Line: 870
Warning (10230): Verilog HDL assignment warning at ucrom.hex(871): truncated value with size 32 to match size of target (29) File: /work/fpga/rtl/ucore/ucrom.hex Line: 871
Warning (10230): Verilog HDL assignment warning at ucrom.hex(872): truncated value with size 32 to match size of target (29) File: /work/fpga/rtl/ucore/ucrom.hex Line: 872
Warning (10230): Verilog HDL assignment warning at ucrom.hex(873): truncated value with size 32 to match size of target (29) File: /work/fpga/rtl/ucore/ucrom.hex Line: 873
Warning (10230): Verilog HDL assignment warning at ucrom.hex(874): truncated value with size 32 to match size of target (29) File: /work/fpga/rtl/ucore/ucrom.hex Line: 874
Warning (10230): Verilog HDL assignment warning at ucrom.hex(875): truncated value with size 32 to match size of target (29) File: /work/fpga/rtl/ucore/ucrom.hex Line: 875
Warning (10230): Verilog HDL assignment warning at ucrom.hex(876): truncated value with size 32 to match size of target (29) File: /work/fpga/rtl/ucore/ucrom.hex Line: 876
Warning (10230): Verilog HDL assignment warning at ucrom.hex(877): truncated value with size 32 to match size of target (29) File: /work/fpga/rtl/ucore/ucrom.hex Line: 877
Warning (10230): Verilog HDL assignment warning at ucrom.hex(878): truncated value with size 32 to match size of target (29) File: /work/fpga/rtl/ucore/ucrom.hex Line: 878
Warning (10230): Verilog HDL assignment warning at ucrom.hex(879): truncated value with size 32 to match size of target (29) File: /work/fpga/rtl/ucore/ucrom.hex Line: 879
Warning (10230): Verilog HDL assignment warning at ucrom.hex(880): truncated value with size 32 to match size of target (29) File: /work/fpga/rtl/ucore/ucrom.hex Line: 880
Warning (10230): Verilog HDL assignment warning at ucrom.hex(881): truncated value with size 32 to match size of target (29) File: /work/fpga/rtl/ucore/ucrom.hex Line: 881
Warning (10230): Verilog HDL assignment warning at ucrom.hex(882): truncated value with size 32 to match size of target (29) File: /work/fpga/rtl/ucore/ucrom.hex Line: 882
Warning (10230): Verilog HDL assignment warning at ucrom.hex(883): truncated value with size 32 to match size of target (29) File: /work/fpga/rtl/ucore/ucrom.hex Line: 883
Warning (10230): Verilog HDL assignment warning at ucrom.hex(884): truncated value with size 32 to match size of target (29) File: /work/fpga/rtl/ucore/ucrom.hex Line: 884
Warning (10230): Verilog HDL assignment warning at ucrom.hex(885): truncated value with size 32 to match size of target (29) File: /work/fpga/rtl/ucore/ucrom.hex Line: 885
Warning (10230): Verilog HDL assignment warning at ucrom.hex(886): truncated value with size 32 to match size of target (29) File: /work/fpga/rtl/ucore/ucrom.hex Line: 886
Warning (10230): Verilog HDL assignment warning at ucrom.hex(887): truncated value with size 32 to match size of target (29) File: /work/fpga/rtl/ucore/ucrom.hex Line: 887
Warning (10230): Verilog HDL assignment warning at ucrom.hex(888): truncated value with size 32 to match size of target (29) File: /work/fpga/rtl/ucore/ucrom.hex Line: 888
Warning (10230): Verilog HDL assignment warning at ucrom.hex(889): truncated value with size 32 to match size of target (29) File: /work/fpga/rtl/ucore/ucrom.hex Line: 889
Warning (10230): Verilog HDL assignment warning at ucrom.hex(890): truncated value with size 32 to match size of target (29) File: /work/fpga/rtl/ucore/ucrom.hex Line: 890
Warning (10230): Verilog HDL assignment warning at ucrom.hex(891): truncated value with size 32 to match size of target (29) File: /work/fpga/rtl/ucore/ucrom.hex Line: 891
Warning (10230): Verilog HDL assignment warning at ucrom.hex(892): truncated value with size 32 to match size of target (29) File: /work/fpga/rtl/ucore/ucrom.hex Line: 892
Warning (10230): Verilog HDL assignment warning at ucrom.hex(893): truncated value with size 32 to match size of target (29) File: /work/fpga/rtl/ucore/ucrom.hex Line: 893
Warning (10230): Verilog HDL assignment warning at ucrom.hex(894): truncated value with size 32 to match size of target (29) File: /work/fpga/rtl/ucore/ucrom.hex Line: 894
Warning (10230): Verilog HDL assignment warning at ucrom.hex(895): truncated value with size 32 to match size of target (29) File: /work/fpga/rtl/ucore/ucrom.hex Line: 895
Warning (10230): Verilog HDL assignment warning at ucrom.hex(896): truncated value with size 32 to match size of target (29) File: /work/fpga/rtl/ucore/ucrom.hex Line: 896
Warning (10230): Verilog HDL assignment warning at ucrom.hex(897): truncated value with size 32 to match size of target (29) File: /work/fpga/rtl/ucore/ucrom.hex Line: 897
Warning (10230): Verilog HDL assignment warning at ucrom.hex(898): truncated value with size 32 to match size of target (29) File: /work/fpga/rtl/ucore/ucrom.hex Line: 898
Warning (10230): Verilog HDL assignment warning at ucrom.hex(899): truncated value with size 32 to match size of target (29) File: /work/fpga/rtl/ucore/ucrom.hex Line: 899
Warning (10230): Verilog HDL assignment warning at ucrom.hex(900): truncated value with size 32 to match size of target (29) File: /work/fpga/rtl/ucore/ucrom.hex Line: 900
Warning (10230): Verilog HDL assignment warning at ucrom.hex(901): truncated value with size 32 to match size of target (29) File: /work/fpga/rtl/ucore/ucrom.hex Line: 901
Warning (10230): Verilog HDL assignment warning at ucrom.hex(902): truncated value with size 32 to match size of target (29) File: /work/fpga/rtl/ucore/ucrom.hex Line: 902
Warning (10230): Verilog HDL assignment warning at ucrom.hex(903): truncated value with size 32 to match size of target (29) File: /work/fpga/rtl/ucore/ucrom.hex Line: 903
Warning (10230): Verilog HDL assignment warning at ucrom.hex(904): truncated value with size 32 to match size of target (29) File: /work/fpga/rtl/ucore/ucrom.hex Line: 904
Warning (10230): Verilog HDL assignment warning at ucrom.hex(905): truncated value with size 32 to match size of target (29) File: /work/fpga/rtl/ucore/ucrom.hex Line: 905
Warning (10230): Verilog HDL assignment warning at ucrom.hex(906): truncated value with size 32 to match size of target (29) File: /work/fpga/rtl/ucore/ucrom.hex Line: 906
Warning (10230): Verilog HDL assignment warning at ucrom.hex(907): truncated value with size 32 to match size of target (29) File: /work/fpga/rtl/ucore/ucrom.hex Line: 907
Warning (10230): Verilog HDL assignment warning at ucrom.hex(908): truncated value with size 32 to match size of target (29) File: /work/fpga/rtl/ucore/ucrom.hex Line: 908
Warning (10230): Verilog HDL assignment warning at ucrom.hex(909): truncated value with size 32 to match size of target (29) File: /work/fpga/rtl/ucore/ucrom.hex Line: 909
Warning (10230): Verilog HDL assignment warning at ucrom.hex(910): truncated value with size 32 to match size of target (29) File: /work/fpga/rtl/ucore/ucrom.hex Line: 910
Warning (10230): Verilog HDL assignment warning at ucrom.hex(911): truncated value with size 32 to match size of target (29) File: /work/fpga/rtl/ucore/ucrom.hex Line: 911
Warning (10230): Verilog HDL assignment warning at ucrom.hex(912): truncated value with size 32 to match size of target (29) File: /work/fpga/rtl/ucore/ucrom.hex Line: 912
Warning (10230): Verilog HDL assignment warning at ucrom.hex(913): truncated value with size 32 to match size of target (29) File: /work/fpga/rtl/ucore/ucrom.hex Line: 913
Warning (10230): Verilog HDL assignment warning at ucrom.hex(914): truncated value with size 32 to match size of target (29) File: /work/fpga/rtl/ucore/ucrom.hex Line: 914
Warning (10230): Verilog HDL assignment warning at ucrom.hex(915): truncated value with size 32 to match size of target (29) File: /work/fpga/rtl/ucore/ucrom.hex Line: 915
Warning (10230): Verilog HDL assignment warning at ucrom.hex(916): truncated value with size 32 to match size of target (29) File: /work/fpga/rtl/ucore/ucrom.hex Line: 916
Warning (10230): Verilog HDL assignment warning at ucrom.hex(917): truncated value with size 32 to match size of target (29) File: /work/fpga/rtl/ucore/ucrom.hex Line: 917
Warning (10230): Verilog HDL assignment warning at ucrom.hex(918): truncated value with size 32 to match size of target (29) File: /work/fpga/rtl/ucore/ucrom.hex Line: 918
Warning (10230): Verilog HDL assignment warning at ucrom.hex(919): truncated value with size 32 to match size of target (29) File: /work/fpga/rtl/ucore/ucrom.hex Line: 919
Warning (10230): Verilog HDL assignment warning at ucrom.hex(920): truncated value with size 32 to match size of target (29) File: /work/fpga/rtl/ucore/ucrom.hex Line: 920
Warning (10230): Verilog HDL assignment warning at ucrom.hex(921): truncated value with size 32 to match size of target (29) File: /work/fpga/rtl/ucore/ucrom.hex Line: 921
Warning (10230): Verilog HDL assignment warning at ucrom.hex(922): truncated value with size 32 to match size of target (29) File: /work/fpga/rtl/ucore/ucrom.hex Line: 922
Warning (10230): Verilog HDL assignment warning at ucrom.hex(923): truncated value with size 32 to match size of target (29) File: /work/fpga/rtl/ucore/ucrom.hex Line: 923
Warning (10230): Verilog HDL assignment warning at ucrom.hex(924): truncated value with size 32 to match size of target (29) File: /work/fpga/rtl/ucore/ucrom.hex Line: 924
Warning (10230): Verilog HDL assignment warning at ucrom.hex(925): truncated value with size 32 to match size of target (29) File: /work/fpga/rtl/ucore/ucrom.hex Line: 925
Warning (10230): Verilog HDL assignment warning at ucrom.hex(926): truncated value with size 32 to match size of target (29) File: /work/fpga/rtl/ucore/ucrom.hex Line: 926
Warning (10230): Verilog HDL assignment warning at ucrom.hex(927): truncated value with size 32 to match size of target (29) File: /work/fpga/rtl/ucore/ucrom.hex Line: 927
Warning (10230): Verilog HDL assignment warning at ucrom.hex(928): truncated value with size 32 to match size of target (29) File: /work/fpga/rtl/ucore/ucrom.hex Line: 928
Warning (10230): Verilog HDL assignment warning at ucrom.hex(929): truncated value with size 32 to match size of target (29) File: /work/fpga/rtl/ucore/ucrom.hex Line: 929
Warning (10230): Verilog HDL assignment warning at ucrom.hex(930): truncated value with size 32 to match size of target (29) File: /work/fpga/rtl/ucore/ucrom.hex Line: 930
Warning (10230): Verilog HDL assignment warning at ucrom.hex(931): truncated value with size 32 to match size of target (29) File: /work/fpga/rtl/ucore/ucrom.hex Line: 931
Warning (10230): Verilog HDL assignment warning at ucrom.hex(932): truncated value with size 32 to match size of target (29) File: /work/fpga/rtl/ucore/ucrom.hex Line: 932
Warning (10230): Verilog HDL assignment warning at ucrom.hex(933): truncated value with size 32 to match size of target (29) File: /work/fpga/rtl/ucore/ucrom.hex Line: 933
Warning (10230): Verilog HDL assignment warning at ucrom.hex(934): truncated value with size 32 to match size of target (29) File: /work/fpga/rtl/ucore/ucrom.hex Line: 934
Warning (10230): Verilog HDL assignment warning at ucrom.hex(935): truncated value with size 32 to match size of target (29) File: /work/fpga/rtl/ucore/ucrom.hex Line: 935
Warning (10230): Verilog HDL assignment warning at ucrom.hex(936): truncated value with size 32 to match size of target (29) File: /work/fpga/rtl/ucore/ucrom.hex Line: 936
Warning (10230): Verilog HDL assignment warning at ucrom.hex(937): truncated value with size 32 to match size of target (29) File: /work/fpga/rtl/ucore/ucrom.hex Line: 937
Warning (10230): Verilog HDL assignment warning at ucrom.hex(938): truncated value with size 32 to match size of target (29) File: /work/fpga/rtl/ucore/ucrom.hex Line: 938
Warning (10230): Verilog HDL assignment warning at ucrom.hex(939): truncated value with size 32 to match size of target (29) File: /work/fpga/rtl/ucore/ucrom.hex Line: 939
Warning (10230): Verilog HDL assignment warning at ucrom.hex(940): truncated value with size 32 to match size of target (29) File: /work/fpga/rtl/ucore/ucrom.hex Line: 940
Warning (10230): Verilog HDL assignment warning at ucrom.hex(941): truncated value with size 32 to match size of target (29) File: /work/fpga/rtl/ucore/ucrom.hex Line: 941
Warning (10230): Verilog HDL assignment warning at ucrom.hex(942): truncated value with size 32 to match size of target (29) File: /work/fpga/rtl/ucore/ucrom.hex Line: 942
Warning (10230): Verilog HDL assignment warning at ucrom.hex(943): truncated value with size 32 to match size of target (29) File: /work/fpga/rtl/ucore/ucrom.hex Line: 943
Warning (10230): Verilog HDL assignment warning at ucrom.hex(944): truncated value with size 32 to match size of target (29) File: /work/fpga/rtl/ucore/ucrom.hex Line: 944
Warning (10230): Verilog HDL assignment warning at ucrom.hex(945): truncated value with size 32 to match size of target (29) File: /work/fpga/rtl/ucore/ucrom.hex Line: 945
Warning (10230): Verilog HDL assignment warning at ucrom.hex(946): truncated value with size 32 to match size of target (29) File: /work/fpga/rtl/ucore/ucrom.hex Line: 946
Warning (10230): Verilog HDL assignment warning at ucrom.hex(947): truncated value with size 32 to match size of target (29) File: /work/fpga/rtl/ucore/ucrom.hex Line: 947
Warning (10230): Verilog HDL assignment warning at ucrom.hex(948): truncated value with size 32 to match size of target (29) File: /work/fpga/rtl/ucore/ucrom.hex Line: 948
Warning (10230): Verilog HDL assignment warning at ucrom.hex(949): truncated value with size 32 to match size of target (29) File: /work/fpga/rtl/ucore/ucrom.hex Line: 949
Warning (10230): Verilog HDL assignment warning at ucrom.hex(950): truncated value with size 32 to match size of target (29) File: /work/fpga/rtl/ucore/ucrom.hex Line: 950
Warning (10230): Verilog HDL assignment warning at ucrom.hex(951): truncated value with size 32 to match size of target (29) File: /work/fpga/rtl/ucore/ucrom.hex Line: 951
Warning (10230): Verilog HDL assignment warning at ucrom.hex(952): truncated value with size 32 to match size of target (29) File: /work/fpga/rtl/ucore/ucrom.hex Line: 952
Warning (10230): Verilog HDL assignment warning at ucrom.hex(953): truncated value with size 32 to match size of target (29) File: /work/fpga/rtl/ucore/ucrom.hex Line: 953
Warning (10230): Verilog HDL assignment warning at ucrom.hex(954): truncated value with size 32 to match size of target (29) File: /work/fpga/rtl/ucore/ucrom.hex Line: 954
Warning (10230): Verilog HDL assignment warning at ucrom.hex(955): truncated value with size 32 to match size of target (29) File: /work/fpga/rtl/ucore/ucrom.hex Line: 955
Warning (10230): Verilog HDL assignment warning at ucrom.hex(956): truncated value with size 32 to match size of target (29) File: /work/fpga/rtl/ucore/ucrom.hex Line: 956
Warning (10230): Verilog HDL assignment warning at ucrom.hex(957): truncated value with size 32 to match size of target (29) File: /work/fpga/rtl/ucore/ucrom.hex Line: 957
Warning (10230): Verilog HDL assignment warning at ucrom.hex(958): truncated value with size 32 to match size of target (29) File: /work/fpga/rtl/ucore/ucrom.hex Line: 958
Warning (10230): Verilog HDL assignment warning at ucrom.hex(959): truncated value with size 32 to match size of target (29) File: /work/fpga/rtl/ucore/ucrom.hex Line: 959
Warning (10230): Verilog HDL assignment warning at ucrom.hex(960): truncated value with size 32 to match size of target (29) File: /work/fpga/rtl/ucore/ucrom.hex Line: 960
Warning (10230): Verilog HDL assignment warning at ucrom.hex(961): truncated value with size 32 to match size of target (29) File: /work/fpga/rtl/ucore/ucrom.hex Line: 961
Warning (10230): Verilog HDL assignment warning at ucrom.hex(962): truncated value with size 32 to match size of target (29) File: /work/fpga/rtl/ucore/ucrom.hex Line: 962
Warning (10230): Verilog HDL assignment warning at ucrom.hex(963): truncated value with size 32 to match size of target (29) File: /work/fpga/rtl/ucore/ucrom.hex Line: 963
Warning (10230): Verilog HDL assignment warning at ucrom.hex(964): truncated value with size 32 to match size of target (29) File: /work/fpga/rtl/ucore/ucrom.hex Line: 964
Warning (10230): Verilog HDL assignment warning at ucrom.hex(965): truncated value with size 32 to match size of target (29) File: /work/fpga/rtl/ucore/ucrom.hex Line: 965
Warning (10230): Verilog HDL assignment warning at ucrom.hex(966): truncated value with size 32 to match size of target (29) File: /work/fpga/rtl/ucore/ucrom.hex Line: 966
Warning (10230): Verilog HDL assignment warning at ucrom.hex(967): truncated value with size 32 to match size of target (29) File: /work/fpga/rtl/ucore/ucrom.hex Line: 967
Warning (10230): Verilog HDL assignment warning at ucrom.hex(968): truncated value with size 32 to match size of target (29) File: /work/fpga/rtl/ucore/ucrom.hex Line: 968
Warning (10230): Verilog HDL assignment warning at ucrom.hex(969): truncated value with size 32 to match size of target (29) File: /work/fpga/rtl/ucore/ucrom.hex Line: 969
Warning (10230): Verilog HDL assignment warning at ucrom.hex(970): truncated value with size 32 to match size of target (29) File: /work/fpga/rtl/ucore/ucrom.hex Line: 970
Warning (10230): Verilog HDL assignment warning at ucrom.hex(971): truncated value with size 32 to match size of target (29) File: /work/fpga/rtl/ucore/ucrom.hex Line: 971
Warning (10230): Verilog HDL assignment warning at ucrom.hex(972): truncated value with size 32 to match size of target (29) File: /work/fpga/rtl/ucore/ucrom.hex Line: 972
Warning (10230): Verilog HDL assignment warning at ucrom.hex(973): truncated value with size 32 to match size of target (29) File: /work/fpga/rtl/ucore/ucrom.hex Line: 973
Warning (10230): Verilog HDL assignment warning at ucrom.hex(974): truncated value with size 32 to match size of target (29) File: /work/fpga/rtl/ucore/ucrom.hex Line: 974
Warning (10230): Verilog HDL assignment warning at ucrom.hex(975): truncated value with size 32 to match size of target (29) File: /work/fpga/rtl/ucore/ucrom.hex Line: 975
Warning (10230): Verilog HDL assignment warning at ucrom.hex(976): truncated value with size 32 to match size of target (29) File: /work/fpga/rtl/ucore/ucrom.hex Line: 976
Warning (10230): Verilog HDL assignment warning at ucrom.hex(977): truncated value with size 32 to match size of target (29) File: /work/fpga/rtl/ucore/ucrom.hex Line: 977
Warning (10230): Verilog HDL assignment warning at ucrom.hex(978): truncated value with size 32 to match size of target (29) File: /work/fpga/rtl/ucore/ucrom.hex Line: 978
Warning (10230): Verilog HDL assignment warning at ucrom.hex(979): truncated value with size 32 to match size of target (29) File: /work/fpga/rtl/ucore/ucrom.hex Line: 979
Warning (10230): Verilog HDL assignment warning at ucrom.hex(980): truncated value with size 32 to match size of target (29) File: /work/fpga/rtl/ucore/ucrom.hex Line: 980
Warning (10230): Verilog HDL assignment warning at ucrom.hex(981): truncated value with size 32 to match size of target (29) File: /work/fpga/rtl/ucore/ucrom.hex Line: 981
Warning (10230): Verilog HDL assignment warning at ucrom.hex(982): truncated value with size 32 to match size of target (29) File: /work/fpga/rtl/ucore/ucrom.hex Line: 982
Warning (10230): Verilog HDL assignment warning at ucrom.hex(983): truncated value with size 32 to match size of target (29) File: /work/fpga/rtl/ucore/ucrom.hex Line: 983
Warning (10230): Verilog HDL assignment warning at ucrom.hex(984): truncated value with size 32 to match size of target (29) File: /work/fpga/rtl/ucore/ucrom.hex Line: 984
Warning (10230): Verilog HDL assignment warning at ucrom.hex(985): truncated value with size 32 to match size of target (29) File: /work/fpga/rtl/ucore/ucrom.hex Line: 985
Warning (10230): Verilog HDL assignment warning at ucrom.hex(986): truncated value with size 32 to match size of target (29) File: /work/fpga/rtl/ucore/ucrom.hex Line: 986
Warning (10230): Verilog HDL assignment warning at ucrom.hex(987): truncated value with size 32 to match size of target (29) File: /work/fpga/rtl/ucore/ucrom.hex Line: 987
Warning (10230): Verilog HDL assignment warning at ucrom.hex(988): truncated value with size 32 to match size of target (29) File: /work/fpga/rtl/ucore/ucrom.hex Line: 988
Warning (10230): Verilog HDL assignment warning at ucrom.hex(989): truncated value with size 32 to match size of target (29) File: /work/fpga/rtl/ucore/ucrom.hex Line: 989
Warning (10230): Verilog HDL assignment warning at ucrom.hex(990): truncated value with size 32 to match size of target (29) File: /work/fpga/rtl/ucore/ucrom.hex Line: 990
Warning (10230): Verilog HDL assignment warning at ucrom.hex(991): truncated value with size 32 to match size of target (29) File: /work/fpga/rtl/ucore/ucrom.hex Line: 991
Warning (10230): Verilog HDL assignment warning at ucrom.hex(992): truncated value with size 32 to match size of target (29) File: /work/fpga/rtl/ucore/ucrom.hex Line: 992
Warning (10230): Verilog HDL assignment warning at ucrom.hex(993): truncated value with size 32 to match size of target (29) File: /work/fpga/rtl/ucore/ucrom.hex Line: 993
Warning (10230): Verilog HDL assignment warning at ucrom.hex(994): truncated value with size 32 to match size of target (29) File: /work/fpga/rtl/ucore/ucrom.hex Line: 994
Warning (10230): Verilog HDL assignment warning at ucrom.hex(995): truncated value with size 32 to match size of target (29) File: /work/fpga/rtl/ucore/ucrom.hex Line: 995
Warning (10230): Verilog HDL assignment warning at ucrom.hex(996): truncated value with size 32 to match size of target (29) File: /work/fpga/rtl/ucore/ucrom.hex Line: 996
Warning (10230): Verilog HDL assignment warning at ucrom.hex(997): truncated value with size 32 to match size of target (29) File: /work/fpga/rtl/ucore/ucrom.hex Line: 997
Warning (10230): Verilog HDL assignment warning at ucrom.hex(998): truncated value with size 32 to match size of target (29) File: /work/fpga/rtl/ucore/ucrom.hex Line: 998
Warning (10230): Verilog HDL assignment warning at ucrom.hex(999): truncated value with size 32 to match size of target (29) File: /work/fpga/rtl/ucore/ucrom.hex Line: 999
Warning (10230): Verilog HDL assignment warning at ucrom.hex(1000): truncated value with size 32 to match size of target (29) File: /work/fpga/rtl/ucore/ucrom.hex Line: 1000
Warning (10230): Verilog HDL assignment warning at ucrom.hex(1001): truncated value with size 32 to match size of target (29) File: /work/fpga/rtl/ucore/ucrom.hex Line: 1001
Warning (10230): Verilog HDL assignment warning at ucrom.hex(1002): truncated value with size 32 to match size of target (29) File: /work/fpga/rtl/ucore/ucrom.hex Line: 1002
Warning (10230): Verilog HDL assignment warning at ucrom.hex(1003): truncated value with size 32 to match size of target (29) File: /work/fpga/rtl/ucore/ucrom.hex Line: 1003
Warning (10230): Verilog HDL assignment warning at ucrom.hex(1004): truncated value with size 32 to match size of target (29) File: /work/fpga/rtl/ucore/ucrom.hex Line: 1004
Warning (10230): Verilog HDL assignment warning at ucrom.hex(1005): truncated value with size 32 to match size of target (29) File: /work/fpga/rtl/ucore/ucrom.hex Line: 1005
Warning (10230): Verilog HDL assignment warning at ucrom.hex(1006): truncated value with size 32 to match size of target (29) File: /work/fpga/rtl/ucore/ucrom.hex Line: 1006
Warning (10230): Verilog HDL assignment warning at ucrom.hex(1007): truncated value with size 32 to match size of target (29) File: /work/fpga/rtl/ucore/ucrom.hex Line: 1007
Warning (10230): Verilog HDL assignment warning at ucrom.hex(1008): truncated value with size 32 to match size of target (29) File: /work/fpga/rtl/ucore/ucrom.hex Line: 1008
Warning (10230): Verilog HDL assignment warning at ucrom.hex(1009): truncated value with size 32 to match size of target (29) File: /work/fpga/rtl/ucore/ucrom.hex Line: 1009
Warning (10230): Verilog HDL assignment warning at ucrom.hex(1010): truncated value with size 32 to match size of target (29) File: /work/fpga/rtl/ucore/ucrom.hex Line: 1010
Warning (10230): Verilog HDL assignment warning at ucrom.hex(1011): truncated value with size 32 to match size of target (29) File: /work/fpga/rtl/ucore/ucrom.hex Line: 1011
Warning (10230): Verilog HDL assignment warning at ucrom.hex(1012): truncated value with size 32 to match size of target (29) File: /work/fpga/rtl/ucore/ucrom.hex Line: 1012
Warning (10230): Verilog HDL assignment warning at ucrom.hex(1013): truncated value with size 32 to match size of target (29) File: /work/fpga/rtl/ucore/ucrom.hex Line: 1013
Warning (10230): Verilog HDL assignment warning at ucrom.hex(1014): truncated value with size 32 to match size of target (29) File: /work/fpga/rtl/ucore/ucrom.hex Line: 1014
Warning (10230): Verilog HDL assignment warning at ucrom.hex(1015): truncated value with size 32 to match size of target (29) File: /work/fpga/rtl/ucore/ucrom.hex Line: 1015
Warning (10230): Verilog HDL assignment warning at ucrom.hex(1016): truncated value with size 32 to match size of target (29) File: /work/fpga/rtl/ucore/ucrom.hex Line: 1016
Warning (10230): Verilog HDL assignment warning at ucrom.hex(1017): truncated value with size 32 to match size of target (29) File: /work/fpga/rtl/ucore/ucrom.hex Line: 1017
Warning (10230): Verilog HDL assignment warning at ucrom.hex(1018): truncated value with size 32 to match size of target (29) File: /work/fpga/rtl/ucore/ucrom.hex Line: 1018
Warning (10230): Verilog HDL assignment warning at ucrom.hex(1019): truncated value with size 32 to match size of target (29) File: /work/fpga/rtl/ucore/ucrom.hex Line: 1019
Warning (10230): Verilog HDL assignment warning at ucrom.hex(1020): truncated value with size 32 to match size of target (29) File: /work/fpga/rtl/ucore/ucrom.hex Line: 1020
Warning (10230): Verilog HDL assignment warning at ucrom.hex(1021): truncated value with size 32 to match size of target (29) File: /work/fpga/rtl/ucore/ucrom.hex Line: 1021
Warning (10230): Verilog HDL assignment warning at ucrom.hex(1022): truncated value with size 32 to match size of target (29) File: /work/fpga/rtl/ucore/ucrom.hex Line: 1022
Warning (10230): Verilog HDL assignment warning at ucrom.hex(1023): truncated value with size 32 to match size of target (29) File: /work/fpga/rtl/ucore/ucrom.hex Line: 1023
Warning (10230): Verilog HDL assignment warning at ucrom.hex(1024): truncated value with size 32 to match size of target (29) File: /work/fpga/rtl/ucore/ucrom.hex Line: 1024
Warning (10230): Verilog HDL assignment warning at ucrom.hex(1025): truncated value with size 32 to match size of target (29) File: /work/fpga/rtl/ucore/ucrom.hex Line: 1025
Warning (10230): Verilog HDL assignment warning at ucrom.hex(1026): truncated value with size 32 to match size of target (29) File: /work/fpga/rtl/ucore/ucrom.hex Line: 1026
Warning (10230): Verilog HDL assignment warning at ucrom.hex(1027): truncated value with size 32 to match size of target (29) File: /work/fpga/rtl/ucore/ucrom.hex Line: 1027
Warning (10230): Verilog HDL assignment warning at ucrom.hex(1028): truncated value with size 32 to match size of target (29) File: /work/fpga/rtl/ucore/ucrom.hex Line: 1028
Warning (10030): Net "ucdecode.data_a" at v30u_ucrom.sv(73) has no driver or initial value, using a default initial value '0' File: /work/fpga/core/v30/v30u_ucrom.sv Line: 73
Warning (10030): Net "ucdecode.waddr_a" at v30u_ucrom.sv(73) has no driver or initial value, using a default initial value '0' File: /work/fpga/core/v30/v30u_ucrom.sv Line: 73
Warning (10030): Net "ucrom.data_a" at v30u_ucrom.sv(74) has no driver or initial value, using a default initial value '0' File: /work/fpga/core/v30/v30u_ucrom.sv Line: 74
Warning (10030): Net "ucrom.waddr_a" at v30u_ucrom.sv(74) has no driver or initial value, using a default initial value '0' File: /work/fpga/core/v30/v30u_ucrom.sv Line: 74
Warning (10030): Net "ucdecode.we_a" at v30u_ucrom.sv(73) has no driver or initial value, using a default initial value '0' File: /work/fpga/core/v30/v30u_ucrom.sv Line: 73
Warning (10030): Net "ucrom.we_a" at v30u_ucrom.sv(74) has no driver or initial value, using a default initial value '0' File: /work/fpga/core/v30/v30u_ucrom.sv Line: 74
Info (12128): Elaborating entity "audio_mixer" for hierarchy "core_top:ic|audio_mixer:audio_mixer" File: /work/fpga/core/core_top.sv Line: 2894
Info (12128): Elaborating entity "audio_pll" for hierarchy "core_top:ic|audio_mixer:audio_mixer|audio_pll:audio_pll" File: /work/fpga/core/audio/audio_mixer.sv Line: 69
Info (12128): Elaborating entity "altera_pll" for hierarchy "core_top:ic|audio_mixer:audio_mixer|audio_pll:audio_pll|altera_pll:altera_pll_i" File: /work/fpga/core/audio_pll.v Line: 35
Info (10008): Verilog HDL or VHDL information: EDA Netlist Writer cannot regroup multidimensional array "wire_to_nowhere_64" into its bus
Info (12130): Elaborated megafunction instantiation "core_top:ic|audio_mixer:audio_mixer|audio_pll:audio_pll|altera_pll:altera_pll_i" File: /work/fpga/core/audio_pll.v Line: 35
Info (12133): Instantiated megafunction "core_top:ic|audio_mixer:audio_mixer|audio_pll:audio_pll|altera_pll:altera_pll_i" with the following parameter: File: /work/fpga/core/audio_pll.v Line: 35
    Info (12134): Parameter "fractional_vco_multiplier" = "true"
    Info (12134): Parameter "reference_clock_frequency" = "74.25 MHz"
    Info (12134): Parameter "operation_mode" = "direct"
    Info (12134): Parameter "number_of_clocks" = "2"
    Info (12134): Parameter "output_clock_frequency0" = "12.288000 MHz"
    Info (12134): Parameter "phase_shift0" = "0 ps"
    Info (12134): Parameter "duty_cycle0" = "50"
    Info (12134): Parameter "output_clock_frequency1" = "3.072000 MHz"
    Info (12134): Parameter "phase_shift1" = "0 ps"
    Info (12134): Parameter "duty_cycle1" = "50"
    Info (12134): Parameter "pll_type" = "General"
    Info (12134): Parameter "pll_subtype" = "General"
Info (12128): Elaborating entity "sync_fifo" for hierarchy "core_top:ic|audio_mixer:audio_mixer|sync_fifo:sync_fifo" File: /work/fpga/core/audio/audio_mixer.sv Line: 127
Info (10264): Verilog HDL Case Statement information at sync_fifo.sv(81): all case item expressions in this case statement are onehot File: /work/fpga/core/sync_fifo.sv Line: 81
Info (12128): Elaborating entity "dcfifo" for hierarchy "core_top:ic|audio_mixer:audio_mixer|sync_fifo:sync_fifo|dcfifo:dcfifo_component" File: /work/fpga/core/sync_fifo.sv Line: 59
Info (12130): Elaborated megafunction instantiation "core_top:ic|audio_mixer:audio_mixer|sync_fifo:sync_fifo|dcfifo:dcfifo_component" File: /work/fpga/core/sync_fifo.sv Line: 59
Info (12133): Instantiated megafunction "core_top:ic|audio_mixer:audio_mixer|sync_fifo:sync_fifo|dcfifo:dcfifo_component" with the following parameter: File: /work/fpga/core/sync_fifo.sv Line: 59
    Info (12134): Parameter "intended_device_family" = "Cyclone V"
    Info (12134): Parameter "lpm_numwords" = "4"
    Info (12134): Parameter "lpm_showahead" = "OFF"
    Info (12134): Parameter "lpm_type" = "dcfifo"
    Info (12134): Parameter "lpm_width" = "32"
    Info (12134): Parameter "lpm_widthu" = "2"
    Info (12134): Parameter "overflow_checking" = "ON"
    Info (12134): Parameter "rdsync_delaypipe" = "5"
    Info (12134): Parameter "underflow_checking" = "ON"
    Info (12134): Parameter "use_eab" = "ON"
    Info (12134): Parameter "wrsync_delaypipe" = "5"
Info (12021): Found 1 design units, including 1 entities, in source file db/dcfifo_vqk1.tdf
    Info (12023): Found entity 1: dcfifo_vqk1 File: /work/fpga/db/dcfifo_vqk1.tdf Line: 41
Info (12128): Elaborating entity "dcfifo_vqk1" for hierarchy "core_top:ic|audio_mixer:audio_mixer|sync_fifo:sync_fifo|dcfifo:dcfifo_component|dcfifo_vqk1:auto_generated" File: /opt/intelFPGA/quartus/libraries/megafunctions/dcfifo.tdf Line: 191
Info (12021): Found 1 design units, including 1 entities, in source file db/altsyncram_2ia1.tdf
    Info (12023): Found entity 1: altsyncram_2ia1 File: /work/fpga/db/altsyncram_2ia1.tdf Line: 28
Info (12128): Elaborating entity "altsyncram_2ia1" for hierarchy "core_top:ic|audio_mixer:audio_mixer|sync_fifo:sync_fifo|dcfifo:dcfifo_component|dcfifo_vqk1:auto_generated|altsyncram_2ia1:fifo_ram" File: /work/fpga/db/dcfifo_vqk1.tdf Line: 54
Info (12021): Found 1 design units, including 1 entities, in source file db/alt_synch_pipe_c9l.tdf
    Info (12023): Found entity 1: alt_synch_pipe_c9l File: /work/fpga/db/alt_synch_pipe_c9l.tdf Line: 27
Info (12128): Elaborating entity "alt_synch_pipe_c9l" for hierarchy "core_top:ic|audio_mixer:audio_mixer|sync_fifo:sync_fifo|dcfifo:dcfifo_component|dcfifo_vqk1:auto_generated|alt_synch_pipe_c9l:rs_dgwp" File: /work/fpga/db/dcfifo_vqk1.tdf Line: 73
Info (12021): Found 1 design units, including 1 entities, in source file db/dffpipe_tu8.tdf
    Info (12023): Found entity 1: dffpipe_tu8 File: /work/fpga/db/dffpipe_tu8.tdf Line: 25
Info (12128): Elaborating entity "dffpipe_tu8" for hierarchy "core_top:ic|audio_mixer:audio_mixer|sync_fifo:sync_fifo|dcfifo:dcfifo_component|dcfifo_vqk1:auto_generated|alt_synch_pipe_c9l:rs_dgwp|dffpipe_tu8:dffpipe6" File: /work/fpga/db/alt_synch_pipe_c9l.tdf Line: 34
Info (12021): Found 1 design units, including 1 entities, in source file db/alt_synch_pipe_d9l.tdf
    Info (12023): Found entity 1: alt_synch_pipe_d9l File: /work/fpga/db/alt_synch_pipe_d9l.tdf Line: 27
Info (12128): Elaborating entity "alt_synch_pipe_d9l" for hierarchy "core_top:ic|audio_mixer:audio_mixer|sync_fifo:sync_fifo|dcfifo:dcfifo_component|dcfifo_vqk1:auto_generated|alt_synch_pipe_d9l:ws_dgrp" File: /work/fpga/db/dcfifo_vqk1.tdf Line: 74
Info (12021): Found 1 design units, including 1 entities, in source file db/dffpipe_uu8.tdf
    Info (12023): Found entity 1: dffpipe_uu8 File: /work/fpga/db/dffpipe_uu8.tdf Line: 25
Info (12128): Elaborating entity "dffpipe_uu8" for hierarchy "core_top:ic|audio_mixer:audio_mixer|sync_fifo:sync_fifo|dcfifo:dcfifo_component|dcfifo_vqk1:auto_generated|alt_synch_pipe_d9l:ws_dgrp|dffpipe_uu8:dffpipe9" File: /work/fpga/db/alt_synch_pipe_d9l.tdf Line: 34
Info (12128): Elaborating entity "audio_filters" for hierarchy "core_top:ic|audio_mixer:audio_mixer|audio_filters:audio_filters" File: /work/fpga/core/audio/audio_mixer.sv Line: 173
Info (12128): Elaborating entity "iir_filter" for hierarchy "core_top:ic|audio_mixer:audio_mixer|audio_filters:audio_filters|iir_filter:iir_filter" File: /work/fpga/core/audio/filters/audio_filters.sv Line: 150
Info (12128): Elaborating entity "iir_filter_tap" for hierarchy "core_top:ic|audio_mixer:audio_mixer|audio_filters:audio_filters|iir_filter:iir_filter|iir_filter_tap:iir_tap_0" File: /work/fpga/core/audio/filters/iir_filter.sv Line: 94
Info (12128): Elaborating entity "dc_blocker" for hierarchy "core_top:ic|audio_mixer:audio_mixer|audio_filters:audio_filters|dc_blocker:dcb_l" File: /work/fpga/core/audio/filters/audio_filters.sv Line: 161
Info (12128): Elaborating entity "audio_mix" for hierarchy "core_top:ic|audio_mixer:audio_mixer|audio_filters:audio_filters|audio_mix:audmix_l" File: /work/fpga/core/audio/filters/audio_filters.sv Line: 187
Warning (10230): Verilog HDL assignment warning at audio_mix.sv(60): truncated value with size 32 to match size of target (17) File: /work/fpga/core/audio/filters/audio_mix.sv Line: 60
Info (12128): Elaborating entity "sound_i2s" for hierarchy "core_top:ic|audio_mixer:audio_mixer|sound_i2s:sound_i2s" File: /work/fpga/core/audio/audio_mixer.sv Line: 187
Info (12128): Elaborating entity "pocket_video" for hierarchy "core_top:ic|pocket_video:u_pocket_video" File: /work/fpga/core/core_top.sv Line: 2977
Warning (10036): Verilog HDL or VHDL warning at pocket_video.sv(114): object "canvas_hb" assigned a value but never read File: /work/fpga/core/pocket_video.sv Line: 114
Warning (10036): Verilog HDL or VHDL warning at pocket_video.sv(115): object "canvas_vb" assigned a value but never read File: /work/fpga/core/pocket_video.sv Line: 115
Info (12128): Elaborating entity "jtframe_credits" for hierarchy "core_top:ic|pocket_video:u_pocket_video|jtframe_credits:u_credits" File: /work/fpga/core/pocket_video.sv Line: 205
Warning (10230): Verilog HDL assignment warning at jtframe_credits.v(71): truncated value with size 32 to match size of target (10) File: /work/fpga/core/common/jtframe_credits.v Line: 71
Warning (10230): Verilog HDL assignment warning at jtframe_credits.v(172): truncated value with size 14 to match size of target (13) File: /work/fpga/core/common/jtframe_credits.v Line: 172
Info (12128): Elaborating entity "jtframe_dual_ram" for hierarchy "core_top:ic|pocket_video:u_pocket_video|jtframe_credits:u_credits|jtframe_dual_ram:u_msg" File: /work/fpga/core/common/jtframe_credits.v Line: 103
Info (12128): Elaborating entity "jtframe_dual_ram_cen" for hierarchy "core_top:ic|pocket_video:u_pocket_video|jtframe_credits:u_credits|jtframe_dual_ram:u_msg|jtframe_dual_ram_cen:u_ram" File: /work/fpga/core/common/jtframe_dual_ram.v Line: 78
Warning (10850): Verilog HDL warning at jtframe_dual_ram.v(207): number of words (16384) in memory file does not match the number of elements in the address range [0:8191] File: /work/fpga/core/common/jtframe_dual_ram.v Line: 207
Info (12128): Elaborating entity "jtframe_ram" for hierarchy "core_top:ic|pocket_video:u_pocket_video|jtframe_credits:u_credits|jtframe_ram:u_font" File: /work/fpga/core/common/jtframe_credits.v Line: 112
Critical Warning (138067): Current license file does not support incremental compilation. The Quartus Prime software removes all the user-specified design partitions in the design automatically.
Info (11170): Starting IP generation for the debug fabric: alt_sld_fab.
Info (11172): 2026.09.27.12:57:24 Progress: Loading sld09e0bd25/alt_sld_fab_wrapper_hw.tcl
Info (11172): Alt_sld_fab.alt_sld_fab: SLD fabric agents which did not specify prefer_host were connected to JTAG
Info (11172): Alt_sld_fab: Generating alt_sld_fab "alt_sld_fab" for QUARTUS_SYNTH
Info (11172): Alt_sld_fab: "alt_sld_fab" instantiated alt_sld_fab "alt_sld_fab"
Info (11172): Presplit: "alt_sld_fab" instantiated altera_super_splitter "presplit"
Info (11172): Splitter: "alt_sld_fab" instantiated altera_sld_splitter "splitter"
Info (11172): Sldfabric: "alt_sld_fab" instantiated altera_sld_jtag_hub "sldfabric"
Info (11172): Ident: "alt_sld_fab" instantiated altera_connection_identification_hub "ident"
Info (11172): Alt_sld_fab: Done "alt_sld_fab" with 6 modules, 6 files
Info (11171): Finished IP generation for the debug fabric: alt_sld_fab.
Info (12021): Found 1 design units, including 1 entities, in source file db/ip/sld09e0bd25/alt_sld_fab.v
    Info (12023): Found entity 1: alt_sld_fab File: /work/fpga/db/ip/sld09e0bd25/alt_sld_fab.v Line: 9
Info (12021): Found 1 design units, including 1 entities, in source file db/ip/sld09e0bd25/submodules/alt_sld_fab_alt_sld_fab.v
    Info (12023): Found entity 1: alt_sld_fab_alt_sld_fab File: /work/fpga/db/ip/sld09e0bd25/submodules/alt_sld_fab_alt_sld_fab.v Line: 9
Info (12021): Found 1 design units, including 1 entities, in source file db/ip/sld09e0bd25/submodules/alt_sld_fab_alt_sld_fab_ident.sv
    Info (12023): Found entity 1: alt_sld_fab_alt_sld_fab_ident File: /work/fpga/db/ip/sld09e0bd25/submodules/alt_sld_fab_alt_sld_fab_ident.sv Line: 33
Info (12021): Found 1 design units, including 1 entities, in source file db/ip/sld09e0bd25/submodules/alt_sld_fab_alt_sld_fab_presplit.sv
    Info (12023): Found entity 1: alt_sld_fab_alt_sld_fab_presplit File: /work/fpga/db/ip/sld09e0bd25/submodules/alt_sld_fab_alt_sld_fab_presplit.sv Line: 3
Info (12021): Found 2 design units, including 1 entities, in source file db/ip/sld09e0bd25/submodules/alt_sld_fab_alt_sld_fab_sldfabric.vhd
    Info (12022): Found design unit 1: alt_sld_fab_alt_sld_fab_sldfabric-rtl File: /work/fpga/db/ip/sld09e0bd25/submodules/alt_sld_fab_alt_sld_fab_sldfabric.vhd Line: 102
    Info (12023): Found entity 1: alt_sld_fab_alt_sld_fab_sldfabric File: /work/fpga/db/ip/sld09e0bd25/submodules/alt_sld_fab_alt_sld_fab_sldfabric.vhd Line: 11
Info (12021): Found 1 design units, including 1 entities, in source file db/ip/sld09e0bd25/submodules/alt_sld_fab_alt_sld_fab_splitter.sv
    Info (12023): Found entity 1: alt_sld_fab_alt_sld_fab_splitter File: /work/fpga/db/ip/sld09e0bd25/submodules/alt_sld_fab_alt_sld_fab_splitter.sv Line: 3
Warning (14284): Synthesized away the following node(s):
    Warning (14285): Synthesized away the following PLL node(s):
        Warning (14320): Synthesized away node "core_top:ic|pll:pll|altera_pll:altera_pll_i|outclk_wire[1]" File: /opt/intelFPGA/quartus/libraries/megafunctions/altera_pll.v Line: 749
        Warning (14320): Synthesized away node "core_top:ic|pll:pll|altera_pll:altera_pll_i|outclk_wire[4]" File: /opt/intelFPGA/quartus/libraries/megafunctions/altera_pll.v Line: 749
        Warning (14320): Synthesized away node "core_top:ic|pll:pll|altera_pll:altera_pll_i|outclk_wire[5]" File: /opt/intelFPGA/quartus/libraries/megafunctions/altera_pll.v Line: 749
Warning (276020): Inferred RAM node "core_top:ic|romfifo_rtl_0" from synchronous design logic.  Pass-through logic has been added to match the read-during-write behavior of the original design.
Warning (276020): Inferred RAM node "core_top:ic|CHIPSET:u_CHIPSET|PERIPHERALS:u_PERIPHERALS|floppy:floppy|simple_fifo:fifo_to_floppy_inst|mem_rtl_0" from synchronous design logic.  Pass-through logic has been added to match the read-during-write behavior of the original design.
Warning (276027): Inferred dual-clock RAM node "core_top:ic|CHIPSET:u_CHIPSET|PERIPHERALS:u_PERIPHERALS|pc98_tvram:u_tvram|attr_rtl_1" from synchronous design logic.  The read-during-write behavior of a dual-clock RAM is undefined and may not match the behavior of the original design.
Warning (276027): Inferred dual-clock RAM node "core_top:ic|CHIPSET:u_CHIPSET|PERIPHERALS:u_PERIPHERALS|pc98_glyph_rowbuf:u_pc98_rowbuf|store_rtl_0" from synchronous design logic.  The read-during-write behavior of a dual-clock RAM is undefined and may not match the behavior of the original design.
Warning (276027): Inferred dual-clock RAM node "core_top:ic|CHIPSET:u_CHIPSET|PERIPHERALS:u_PERIPHERALS|pc98_gvram_display:u_gvram_disp|buf_b_rtl_0" from synchronous design logic.  The read-during-write behavior of a dual-clock RAM is undefined and may not match the behavior of the original design.
Warning (276027): Inferred dual-clock RAM node "core_top:ic|CHIPSET:u_CHIPSET|PERIPHERALS:u_PERIPHERALS|pc98_gvram_display:u_gvram_disp|buf_r_rtl_0" from synchronous design logic.  The read-during-write behavior of a dual-clock RAM is undefined and may not match the behavior of the original design.
Warning (276027): Inferred dual-clock RAM node "core_top:ic|CHIPSET:u_CHIPSET|PERIPHERALS:u_PERIPHERALS|pc98_gvram_display:u_gvram_disp|buf_g_rtl_0" from synchronous design logic.  The read-during-write behavior of a dual-clock RAM is undefined and may not match the behavior of the original design.
Warning (276027): Inferred dual-clock RAM node "core_top:ic|CHIPSET:u_CHIPSET|PERIPHERALS:u_PERIPHERALS|pc98_gvram_display:u_gvram_disp|buf_e_rtl_0" from synchronous design logic.  The read-during-write behavior of a dual-clock RAM is undefined and may not match the behavior of the original design.
Warning (276020): Inferred RAM node "core_top:ic|pocket_keyboard:u_pocket_keyboard|queue_rtl_0" from synchronous design logic.  Pass-through logic has been added to match the read-during-write behavior of the original design.
Warning (276027): Inferred dual-clock RAM node "core_top:ic|softcpu_subsystem:u_softcpu|sprom:pico_rom|mem_rtl_0" from synchronous design logic.  The read-during-write behavior of a dual-clock RAM is undefined and may not match the behavior of the original design.
Warning (276020): Inferred RAM node "core_top:ic|softcpu_subsystem:u_softcpu|picorv32:pico|cpuregs_rtl_0" from synchronous design logic.  Pass-through logic has been added to match the read-during-write behavior of the original design.
Warning (276020): Inferred RAM node "core_top:ic|softcpu_subsystem:u_softcpu|picorv32:pico|cpuregs_rtl_1" from synchronous design logic.  Pass-through logic has been added to match the read-during-write behavior of the original design.
Info (276014): Found 25 instances of uninferred RAM logic
    Info (276007): RAM logic "core_top:ic|v30_core:u_cpu|v30u_eu:u_eu|Ram0" is uninferred due to asynchronous read logic File: /work/fpga/core/v30/pla3_tables.svh Line: 110
    Info (276007): RAM logic "core_top:ic|v30_core:u_cpu|v30u_eu:u_eu|Ram1" is uninferred due to asynchronous read logic File: /work/fpga/core/v30/pla3_tables.svh Line: 110
    Info (276007): RAM logic "core_top:ic|v30_core:u_cpu|v30u_eu:u_eu|Ram2" is uninferred due to asynchronous read logic File: /work/fpga/core/v30/pla3_tables.svh Line: 110
    Info (276007): RAM logic "core_top:ic|v30_core:u_cpu|v30u_eu:u_eu|Ram3" is uninferred due to asynchronous read logic File: /work/fpga/core/v30/pla3_tables.svh Line: 373
    Info (276007): RAM logic "core_top:ic|v30_core:u_cpu|v30u_eu:u_eu|Ram4" is uninferred due to asynchronous read logic File: /work/fpga/core/v30/pla3_tables.svh Line: 110
    Info (276007): RAM logic "core_top:ic|v30_core:u_cpu|v30u_eu:u_eu|Ram5" is uninferred due to asynchronous read logic File: /work/fpga/core/v30/pla3_tables.svh Line: 373
    Info (276007): RAM logic "core_top:ic|v30_core:u_cpu|v30u_eu:u_eu|Ram9" is uninferred due to asynchronous read logic File: /work/fpga/core/v30/pla3_tables.svh Line: 110
    Info (276007): RAM logic "core_top:ic|v30_core:u_cpu|v30u_eu:u_eu|Ram10" is uninferred due to asynchronous read logic File: /work/fpga/core/v30/pla3_tables.svh Line: 636
    Info (276007): RAM logic "core_top:ic|v30_core:u_cpu|v30u_eu:u_eu|Ram11" is uninferred due to asynchronous read logic File: /work/fpga/core/v30/pla3_tables.svh Line: 110
    Info (276007): RAM logic "core_top:ic|v30_core:u_cpu|v30u_eu:u_eu|Ram12" is uninferred due to asynchronous read logic File: /work/fpga/core/v30/pla3_tables.svh Line: 110
    Info (276007): RAM logic "core_top:ic|v30_core:u_cpu|v30u_eu:u_eu|Ram13" is uninferred due to asynchronous read logic File: /work/fpga/core/v30/pla3_tables.svh Line: 636
    Info (276007): RAM logic "core_top:ic|v30_core:u_cpu|v30u_eu:u_eu|Ram14" is uninferred due to asynchronous read logic File: /work/fpga/core/v30/pla3_tables.svh Line: 110
    Info (276007): RAM logic "core_top:ic|v30_core:u_cpu|v30u_eu:u_eu|Ram15" is uninferred due to asynchronous read logic File: /work/fpga/core/v30/pla3_tables.svh Line: 110
    Info (276007): RAM logic "core_top:ic|v30_core:u_cpu|v30u_eu:u_eu|Ram16" is uninferred due to asynchronous read logic File: /work/fpga/core/v30/pla3_tables.svh Line: 636
    Info (276007): RAM logic "core_top:ic|v30_core:u_cpu|v30u_eu:u_eu|Ram17" is uninferred due to asynchronous read logic File: /work/fpga/core/v30/pla3_tables.svh Line: 110
    Info (276007): RAM logic "core_top:ic|v30_core:u_cpu|v30u_eu:u_eu|Ram18" is uninferred due to asynchronous read logic File: /work/fpga/core/v30/pla3_tables.svh Line: 110
    Info (276007): RAM logic "core_top:ic|v30_core:u_cpu|v30u_eu:u_eu|Ram19" is uninferred due to asynchronous read logic File: /work/fpga/core/v30/pla3_tables.svh Line: 636
    Info (276007): RAM logic "core_top:ic|v30_core:u_cpu|v30u_eu:u_eu|Ram20" is uninferred due to asynchronous read logic File: /work/fpga/core/v30/pla3_tables.svh Line: 110
    Info (276007): RAM logic "core_top:ic|v30_core:u_cpu|v30u_eu:u_eu|Ram21" is uninferred due to asynchronous read logic File: /work/fpga/core/v30/pla3_tables.svh Line: 110
    Info (276007): RAM logic "core_top:ic|v30_core:u_cpu|v30u_eu:u_eu|Ram22" is uninferred due to asynchronous read logic File: /work/fpga/core/v30/pla3_tables.svh Line: 636
    Info (276007): RAM logic "core_top:ic|v30_core:u_cpu|v30u_eu:u_eu|Ram23" is uninferred due to asynchronous read logic File: /work/fpga/core/v30/pla3_tables.svh Line: 110
    Info (276007): RAM logic "core_top:ic|v30_core:u_cpu|v30u_eu:u_eu|Ram24" is uninferred due to asynchronous read logic File: /work/fpga/core/v30/pla3_tables.svh Line: 110
    Info (276007): RAM logic "core_top:ic|v30_core:u_cpu|v30u_eu:u_eu|Ram25" is uninferred due to asynchronous read logic File: /work/fpga/core/v30/pla3_tables.svh Line: 636
    Info (276007): RAM logic "core_top:ic|v30_core:u_cpu|v30u_eu:u_eu|Ram26" is uninferred due to asynchronous read logic File: /work/fpga/core/v30/pla3_tables.svh Line: 110
    Info (276004): RAM logic "core_top:ic|CHIPSET:u_CHIPSET|RAM:u_RAM|sdram_shim:u_sdram_single|sdram_mp:u_mp|open_row" is uninferred due to inappropriate RAM size File: /work/fpga/core/sdram_mp.sv Line: 246
Critical Warning (127005): Memory depth (2048) in the design file differs from memory depth (1028) in the Memory Initialization File "/work/fpga/db/ap_core.ram1_v30u_ucrom_f358d0ef.hdl.mif" -- setting initial value for remaining addresses to 0
Error (112002): Can not read any output from quartus_map
Error (112002): Can not read any output from quartus_map
Error (112002): Can not read any output from quartus_map
Error (112002): Can not read any output from quartus_map
Error (112002): Can not read any output from quartus_map
Error (112002): Can not read any output from quartus_map
Error (112002): Can not read any output from quartus_map
Terminating backend processes...
Exiting...
